-- phpMyAdmin SQL Dump
-- version 4.5.1
-- http://www.phpmyadmin.net
--
-- Host: 127.0.0.1
-- Generation Time: Apr 04, 2017 at 05:27 PM
-- Server version: 10.1.16-MariaDB
-- PHP Version: 7.0.9

SET SQL_MODE = "NO_AUTO_VALUE_ON_ZERO";
SET time_zone = "+00:00";


/*!40101 SET @OLD_CHARACTER_SET_CLIENT=@@CHARACTER_SET_CLIENT */;
/*!40101 SET @OLD_CHARACTER_SET_RESULTS=@@CHARACTER_SET_RESULTS */;
/*!40101 SET @OLD_COLLATION_CONNECTION=@@COLLATION_CONNECTION */;
/*!40101 SET NAMES utf8mb4 */;

--
-- Database: `expensesmgt`
--

-- --------------------------------------------------------

--
-- Table structure for table `bank`
--

CREATE TABLE `bank` (
  `Bank_id` int(11) NOT NULL,
  `Bank_name` varchar(20) NOT NULL,
  `Bank_acct` varchar(20) NOT NULL
) ENGINE=InnoDB DEFAULT CHARSET=latin1;

--
-- Dumping data for table `bank`
--

INSERT INTO `bank` (`Bank_id`, `Bank_name`, `Bank_acct`) VALUES
(9, 'GTB', '121');

-- --------------------------------------------------------

--
-- Table structure for table `customer`
--

CREATE TABLE `customer` (
  `customer_id` int(11) NOT NULL,
  `First_Name` varchar(20) NOT NULL,
  `Last_Name` varchar(20) NOT NULL,
  `sex` enum('M','F') NOT NULL,
  `Email` varchar(100) NOT NULL,
  `Phone` varchar(20) NOT NULL,
  `Level` varchar(20) NOT NULL,
  `Location` varchar(100) NOT NULL,
  `Description` text NOT NULL
) ENGINE=InnoDB DEFAULT CHARSET=latin1;

--
-- Dumping data for table `customer`
--

INSERT INTO `customer` (`customer_id`, `First_Name`, `Last_Name`, `sex`, `Email`, `Phone`, `Level`, `Location`, `Description`) VALUES
(1, 'ifr', 'olu', 'M', '', '', 'F', '', 'kjdjs'),
(2, 'shd', 'jsd', 'M', '', '', 'First Timers', '', 'jksd'),
(3, 'jd', 'jsbh', 'M', '', '', 'First Timers', '', 'jud'),
(4, 'ie', 'isdf', 'M', '', '', 'F', '', 'ksis'),
(5, 'jc', 'js', 'M', '', '121212121212112', 'F', '', 'jsdfsd');

-- --------------------------------------------------------

--
-- Table structure for table `customers`
--

CREATE TABLE `customers` (
  `customer_id` int(10) UNSIGNED NOT NULL,
  `customer_fname` varchar(40) NOT NULL,
  `customer_lname` varchar(40) NOT NULL,
  `customer_phonenum` varchar(20) NOT NULL,
  `customer_email` varchar(40) NOT NULL,
  `customer_sex` varchar(10) NOT NULL
) ENGINE=InnoDB DEFAULT CHARSET=latin1;

--
-- Dumping data for table `customers`
--

INSERT INTO `customers` (`customer_id`, `customer_fname`, `customer_lname`, `customer_phonenum`, `customer_email`, `customer_sex`) VALUES
(6, 'Ambode', 'Governor', '090544543344', 'ambode@lagos.com', 'male'),
(7, 'ljfkfj', 'jfjajf', 'hsjdjsdjsdjsjdmsmdm', ',msmsfj@mksfkksf', 'male'),
(8, 'lkdlkfkl', 'kjfjkfjk', '232323', ',msmsfj@mksfkksf', 'male'),
(9, 'Teni', 'Ayo', '098784903493', 'ayoteni@gmail.com', 'male');

-- --------------------------------------------------------

--
-- Table structure for table `department`
--

CREATE TABLE `department` (
  `department_id` mediumint(8) UNSIGNED NOT NULL,
  `department_name` varchar(30) NOT NULL,
  `department_desc` longtext NOT NULL
) ENGINE=InnoDB DEFAULT CHARSET=latin1;

--
-- Dumping data for table `department`
--

INSERT INTO `department` (`department_id`, `department_name`, `department_desc`) VALUES
(4, 'ICT', 'Software development and web designing'),
(5, 'Digital Marketing', 'Online marketing'),
(6, 'Sales', ''),
(7, 'Administration', ''),
(10, 'Others', ''),
(11, 'Technical/ Engineering', '');

-- --------------------------------------------------------

--
-- Table structure for table `expenses`
--

CREATE TABLE `expenses` (
  `expenses_id` int(11) NOT NULL,
  `expenses_type_id` int(11) NOT NULL,
  `expenses_amount` decimal(15,2) NOT NULL,
  `expenses_date` date NOT NULL,
  `expenses_date_added` datetime NOT NULL,
  `procured_bystaff` int(11) NOT NULL,
  `procured_byproject` int(11) NOT NULL,
  `expenses_desc` text NOT NULL
) ENGINE=InnoDB DEFAULT CHARSET=latin1;

--
-- Dumping data for table `expenses`
--

INSERT INTO `expenses` (`expenses_id`, `expenses_type_id`, `expenses_amount`, `expenses_date`, `expenses_date_added`, `procured_bystaff`, `procured_byproject`, `expenses_desc`) VALUES
(3265, 15, '1500.00', '2016-08-02', '0000-00-00 00:00:00', 7, 11, 'Fuel'),
(3266, 15, '200.00', '2016-08-02', '0000-00-00 00:00:00', 7, 11, 'Oil'),
(3267, 9, '500.00', '2016-08-02', '0000-00-00 00:00:00', 8, 11, ''),
(3268, 6, '1000.00', '2016-08-02', '0000-00-00 00:00:00', 12, 11, ''),
(3269, 22, '1000.00', '2016-08-02', '0000-00-00 00:00:00', 14, 11, 'IOU'),
(3270, 9, '1500.00', '2016-08-02', '0000-00-00 00:00:00', 12, 11, ''),
(3271, 9, '500.00', '2016-08-02', '0000-00-00 00:00:00', 13, 11, ''),
(3272, 25, '1000.00', '2016-08-02', '0000-00-00 00:00:00', 10, 11, ''),
(3273, 17, '1020.00', '2016-08-02', '0000-00-00 00:00:00', 7, 11, 'bulk sms'),
(3274, 6, '1000.00', '2016-08-02', '0000-00-00 00:00:00', 7, 11, 'dispatch to abuja(Mr stephen)'),
(3275, 25, '3000.00', '2016-08-02', '0000-00-00 00:00:00', 10, 11, ''),
(3276, 15, '14105.00', '2016-08-03', '0000-00-00 00:00:00', 8, 11, 'Onmwuka Emeka'),
(3277, 28, '7105.00', '2016-08-03', '0000-00-00 00:00:00', 10, 11, 'Car'),
(3278, 25, '2500.00', '2016-08-03', '0000-00-00 00:00:00', 10, 11, ''),
(3279, 12, '1924.98', '2016-08-03', '0000-00-00 00:00:00', 8, 11, 'Car Tracker'),
(3280, 12, '9082.40', '2016-08-03', '0000-00-00 00:00:00', 8, 11, 'crystalhills domain'),
(3281, 17, '1020.00', '2016-08-03', '0000-00-00 00:00:00', 8, 11, 'bulk sms'),
(3282, 6, '1000.00', '2016-08-03', '0000-00-00 00:00:00', 12, 11, ''),
(3283, 12, '4259.45', '2016-08-03', '0000-00-00 00:00:00', 8, 11, 'sem-ola domain '),
(3284, 28, '5000.00', '2016-08-03', '0000-00-00 00:00:00', 10, 11, 'Car'),
(3285, 9, '3000.00', '2016-08-03', '0000-00-00 00:00:00', 10, 11, ''),
(3286, 15, '1500.00', '2016-08-03', '0000-00-00 00:00:00', 8, 11, 'stamp'),
(3287, 6, '1200.00', '2016-08-04', '0000-00-00 00:00:00', 12, 11, ''),
(3288, 6, '500.00', '2016-08-04', '0000-00-00 00:00:00', 8, 11, 'dele'),
(3289, 15, '1000.00', '2016-08-04', '0000-00-00 00:00:00', 8, 11, 'Fuel'),
(3290, 9, '1000.00', '2016-08-04', '0000-00-00 00:00:00', 8, 11, 'CUG activation'),
(3291, 12, '4259.45', '2016-08-04', '0000-00-00 00:00:00', 8, 11, 'ndc-smartcity domain'),
(3292, 25, '50105.00', '2016-08-04', '0000-00-00 00:00:00', 10, 11, 'rent'),
(3293, 15, '102105.00', '2016-08-04', '0000-00-00 00:00:00', 8, 11, 'Mr Shadrack'),
(3294, 15, '300.00', '2016-08-04', '0000-00-00 00:00:00', 8, 11, 'Stamp ink & pad'),
(3295, 15, '50.00', '2016-08-04', '0000-00-00 00:00:00', 8, 11, 'Biro'),
(3296, 25, '2000.00', '2016-08-04', '0000-00-00 00:00:00', 10, 11, ''),
(3297, 27, '4000.00', '2016-08-04', '0000-00-00 00:00:00', 8, 11, 'Williams'),
(3298, 9, '100.00', '2016-08-05', '0000-00-00 00:00:00', 8, 11, ''),
(3299, 6, '2000.00', '2016-08-05', '0000-00-00 00:00:00', 14, 11, ''),
(3300, 9, '200.00', '2016-08-05', '0000-00-00 00:00:00', 14, 11, ''),
(3301, 15, '20105.00', '2016-08-05', '0000-00-00 00:00:00', 8, 11, 'Mr Shadrack'),
(3302, 9, '3000.00', '2016-08-05', '0000-00-00 00:00:00', 10, 11, ''),
(3303, 6, '1020.00', '2016-08-05', '0000-00-00 00:00:00', 12, 11, ''),
(3304, 12, '4259.45', '2016-08-05', '0000-00-00 00:00:00', 8, 11, 'Netkobo domain'),
(3305, 25, '3500.00', '2016-08-05', '0000-00-00 00:00:00', 10, 11, ''),
(3306, 25, '2000.00', '2016-08-06', '0000-00-00 00:00:00', 10, 11, ''),
(3307, 6, '500.00', '2016-08-06', '0000-00-00 00:00:00', 13, 11, ''),
(3308, 6, '500.00', '2016-08-06', '0000-00-00 00:00:00', 9, 11, ''),
(3309, 17, '1520.00', '2016-08-06', '0000-00-00 00:00:00', 8, 11, 'bulk sms'),
(3310, 15, '500.00', '2016-08-06', '0000-00-00 00:00:00', 8, 11, 'Fuel'),
(3311, 15, '10065.00', '2016-08-06', '0000-00-00 00:00:00', 9, 11, '500GB hard drive'),
(3312, 6, '4065.00', '2016-08-06', '0000-00-00 00:00:00', 8, 11, 'Dispatch to awka&abuja'),
(3313, 12, '4259.45', '2016-08-06', '0000-00-00 00:00:00', 8, 11, 'greatpaceng domain'),
(3314, 25, '2000.00', '2016-08-06', '0000-00-00 00:00:00', 10, 11, ''),
(3315, 9, '1000.00', '2016-08-06', '0000-00-00 00:00:00', 9, 11, 'Data'),
(3316, 9, '1000.00', '2016-08-06', '0000-00-00 00:00:00', 13, 11, 'Data'),
(3317, 21, '5000.00', '2016-08-06', '0000-00-00 00:00:00', 8, 11, 'car tracker installation'),
(3318, 15, '15000.00', '2016-08-06', '0000-00-00 00:00:00', 8, 11, 'Installation fee'),
(3319, 21, '4000.00', '2016-08-07', '0000-00-00 00:00:00', 8, 11, 'Installation fee'),
(3320, 25, '5105.00', '2016-08-07', '0000-00-00 00:00:00', 10, 11, ''),
(3321, 21, '2105.00', '2016-08-07', '0000-00-00 00:00:00', 7, 11, 'Mr Nicholas'),
(3322, 25, '9020.00', '2016-08-07', '0000-00-00 00:00:00', 10, 11, 'Akinwumi Seun'),
(3323, 25, '3065.00', '2016-08-09', '0000-00-00 00:00:00', 10, 11, 'mr sanwo'),
(3324, 9, '500.00', '2016-08-09', '0000-00-00 00:00:00', 13, 11, ''),
(3325, 15, '2035.00', '2016-08-09', '0000-00-00 00:00:00', 7, 11, 'Tracker activation(5.5usd)'),
(3326, 6, '1000.00', '2016-08-09', '0000-00-00 00:00:00', 8, 11, 'Mr Oliver'),
(3327, 14, '99105.00', '2016-08-09', '0000-00-00 00:00:00', 8, 11, 'Samuel'),
(3328, 14, '10020.00', '2016-08-09', '0000-00-00 00:00:00', 12, 11, 'Mr Olaoye'),
(3329, 15, '100105.00', '2016-08-09', '0000-00-00 00:00:00', 7, 11, 'Mr Shadrack'),
(3330, 25, '2000.00', '2016-08-09', '0000-00-00 00:00:00', 10, 11, 'mr sanwo'),
(3331, 15, '1565.00', '2016-08-10', '0000-00-00 00:00:00', 7, 11, 'Fuel'),
(3332, 15, '200.00', '2016-08-10', '0000-00-00 00:00:00', 7, 11, 'Oil'),
(3333, 15, '1200.00', '2016-08-10', '0000-00-00 00:00:00', 7, 11, 'Demmurage'),
(3334, 9, '1000.00', '2016-08-10', '0000-00-00 00:00:00', 12, 11, ''),
(3335, 15, '29065.00', '2016-08-10', '0000-00-00 00:00:00', 7, 13, 'Ambassadors purchases'),
(3336, 9, '500.00', '2016-08-10', '0000-00-00 00:00:00', 8, 11, ''),
(3337, 25, '3000.00', '2016-08-10', '0000-00-00 00:00:00', 10, 11, 'Mr Sanwo'),
(3338, 9, '2000.00', '2016-08-10', '0000-00-00 00:00:00', 10, 11, ''),
(3339, 0, '500.00', '2016-08-12', '0000-00-00 00:00:00', 12, 11, ''),
(3340, 15, '60105.00', '2016-08-12', '0000-00-00 00:00:00', 8, 13, 'Mr Okafor(sango)'),
(3341, 14, '40105.00', '2016-08-12', '0000-00-00 00:00:00', 7, 11, 'Bola'),
(3342, 0, '10000.00', '2016-08-12', '0000-00-00 00:00:00', 7, 13, 'Ambassadors purchase'),
(3343, 6, '400.00', '2016-08-12', '0000-00-00 00:00:00', 11, 11, ''),
(3344, 25, '2700.00', '2016-08-12', '0000-00-00 00:00:00', 10, 11, 'mr sanwo'),
(3345, 9, '2500.00', '2016-08-12', '0000-00-00 00:00:00', 13, 11, 'data'),
(3346, 6, '2000.00', '2016-08-13', '0000-00-00 00:00:00', 7, 11, 'mr oliver'),
(3347, 6, '1065.00', '2016-08-13', '0000-00-00 00:00:00', 12, 11, ''),
(3348, 17, '2520.00', '2016-08-13', '0000-00-00 00:00:00', 7, 11, 'bulk sms'),
(3349, 15, '500.00', '2016-08-13', '0000-00-00 00:00:00', 7, 11, 'fuel'),
(3350, 25, '900.00', '2016-08-13', '0000-00-00 00:00:00', 7, 11, 'Miscellaneous'),
(3351, 25, '500.00', '2016-08-13', '0000-00-00 00:00:00', 10, 11, 'Mr Sanwo'),
(3352, 15, '40105.00', '2016-08-13', '0000-00-00 00:00:00', 7, 13, 'Mr Okafor(Sango)'),
(3353, 15, '40105.00', '2016-08-13', '0000-00-00 00:00:00', 7, 11, 'Mr Shadrack'),
(3354, 11, '105.00', '2016-08-13', '0000-00-00 00:00:00', 7, 11, 'Transfer '),
(3355, 6, '2105.00', '2016-08-13', '0000-00-00 00:00:00', 14, 11, 'Abbey'),
(3356, 25, '5065.00', '2016-08-13', '0000-00-00 00:00:00', 10, 11, 'Mr Sanwo'),
(3357, 21, '45105.00', '2016-08-14', '0000-00-00 00:00:00', 7, 13, 'Labour for TAC(3)'),
(3358, 14, '10105.00', '2016-08-14', '0000-00-00 00:00:00', 9, 11, 'Williams salary'),
(3359, 21, '2105.00', '2016-08-14', '0000-00-00 00:00:00', 7, 13, 'Omo jesu'),
(3360, 21, '2105.00', '2016-08-14', '0000-00-00 00:00:00', 14, 13, 'Feeding(TAC)'),
(3361, 25, '3105.00', '2016-08-14', '0000-00-00 00:00:00', 10, 11, 'Mr Sanwo'),
(3362, 21, '5000.00', '2016-08-14', '0000-00-00 00:00:00', 7, 13, 'Bricklayer for TAC'),
(3363, 15, '3000.00', '2016-08-14', '0000-00-00 00:00:00', 10, 11, 'Fuel'),
(3364, 15, '265.00', '2016-08-16', '0000-00-00 00:00:00', 7, 11, 'oil'),
(3365, 9, '200.00', '2016-08-16', '0000-00-00 00:00:00', 8, 11, ''),
(3366, 9, '500.00', '2016-08-16', '0000-00-00 00:00:00', 13, 11, ''),
(3367, 9, '1000.00', '2016-08-16', '0000-00-00 00:00:00', 12, 11, ''),
(3368, 6, '1000.00', '2016-08-16', '0000-00-00 00:00:00', 12, 11, ''),
(3369, 6, '800.00', '2016-08-16', '0000-00-00 00:00:00', 14, 11, ''),
(3370, 11, '105.00', '2016-08-16', '0000-00-00 00:00:00', 7, 11, 'Transfer'),
(3371, 28, '5000.00', '2016-08-16', '0000-00-00 00:00:00', 10, 11, 'Car '),
(3372, 15, '3500.00', '2016-08-16', '0000-00-00 00:00:00', 14, 11, '1 roll Access control wire'),
(3373, 25, '2500.00', '2016-08-16', '0000-00-00 00:00:00', 10, 11, 'Mr Sanwo'),
(3374, 15, '500.00', '2016-08-16', '0000-00-00 00:00:00', 7, 11, 'fuel'),
(3375, 15, '500.00', '2016-08-16', '0000-00-00 00:00:00', 7, 11, 'Rent of drilling machine'),
(3376, 15, '565.00', '2016-08-16', '0000-00-00 00:00:00', 7, 11, 'Trunking'),
(3377, 15, '100.00', '2016-08-16', '0000-00-00 00:00:00', 7, 11, 'Super glue'),
(3378, 9, '4000.00', '2016-08-16', '0000-00-00 00:00:00', 10, 11, ''),
(3379, 25, '4310.00', '2016-08-17', '0000-00-00 00:00:00', 10, 11, ' mr sanwo'),
(3380, 15, '1000.00', '2016-08-17', '0000-00-00 00:00:00', 7, 11, 'fuel'),
(3381, 6, '1000.00', '2016-08-17', '0000-00-00 00:00:00', 12, 11, ''),
(3382, 9, '200.00', '2016-08-17', '0000-00-00 00:00:00', 8, 11, ''),
(3383, 9, '1000.00', '2016-08-17', '0000-00-00 00:00:00', 9, 11, 'data'),
(3384, 21, '3105.00', '2016-08-17', '0000-00-00 00:00:00', 7, 13, 'Ambassadors labour'),
(3385, 14, '4500.00', '2016-08-17', '0000-00-00 00:00:00', 6, 11, ''),
(3386, 14, '4500.00', '2016-08-17', '0000-00-00 00:00:00', 11, 11, ''),
(3387, 21, '2105.00', '2016-08-17', '0000-00-00 00:00:00', 7, 11, 'Mr Nicholas'),
(3388, 6, '1065.00', '2016-08-18', '0000-00-00 00:00:00', 12, 11, ''),
(3389, 15, '32560.04', '2016-08-18', '0000-00-00 00:00:00', 7, 11, 'Gao(88usd k40&iface battery)'),
(3390, 9, '200.00', '2016-08-18', '0000-00-00 00:00:00', 8, 11, ''),
(3391, 6, '2000.00', '2016-08-18', '0000-00-00 00:00:00', 14, 11, ''),
(3392, 25, '2605.00', '2016-08-18', '0000-00-00 00:00:00', 10, 11, 'Olayinka Awodumila'),
(3393, 25, '2000.00', '2016-08-18', '0000-00-00 00:00:00', 10, 11, 'Mr Sanwo'),
(3394, 21, '2105.00', '2016-08-18', '0000-00-00 00:00:00', 14, 13, 'feeding'),
(3395, 6, '1000.00', '2016-08-19', '0000-00-00 00:00:00', 12, 11, ''),
(3396, 21, '10105.00', '2016-08-19', '0000-00-00 00:00:00', 7, 13, 'Police case'),
(3397, 15, '6269.96', '2016-08-19', '0000-00-00 00:00:00', 7, 11, 'Gao(16.5usd MD02 &Remote)'),
(3398, 15, '3565.00', '2016-08-19', '0000-00-00 00:00:00', 7, 11, 'purchase of power bank(1)'),
(3399, 6, '1500.00', '2016-08-19', '0000-00-00 00:00:00', 7, 11, 'Dispatch to ilorin(2 Ip camera for Mr Dapo)'),
(3400, 6, '1000.00', '2016-08-19', '0000-00-00 00:00:00', 8, 11, 'Mr Oliver(IOU)'),
(3401, 9, '400.00', '2016-08-19', '0000-00-00 00:00:00', 8, 11, ''),
(3402, 6, '2500.00', '2016-08-19', '0000-00-00 00:00:00', 14, 13, 'Abbey'),
(3403, 21, '2105.00', '2016-08-19', '0000-00-00 00:00:00', 7, 13, 'Omojesu'),
(3404, 25, '2300.00', '2016-08-19', '0000-00-00 00:00:00', 10, 11, 'Food(Mr Sanwo)'),
(3405, 0, '200.00', '2016-08-19', '0000-00-00 00:00:00', 13, 13, ''),
(3406, 15, '3000.00', '2016-08-19', '0000-00-00 00:00:00', 10, 11, 'Fuel'),
(3407, 11, '105.00', '2016-08-19', '0000-00-00 00:00:00', 7, 11, 'transfer'),
(3408, 9, '600.00', '2016-08-19', '0000-00-00 00:00:00', 8, 11, 'Mr Oliver'),
(3409, 25, '5200.00', '2016-08-19', '0000-00-00 00:00:00', 10, 11, 'Miscelleneous(Mr Sanwo)'),
(3410, 15, '60105.00', '2016-08-20', '0000-00-00 00:00:00', 8, 13, 'Mr Okafor(Ambassadors)'),
(3411, 25, '2105.00', '2016-08-20', '0000-00-00 00:00:00', 7, 11, 'dele'),
(3412, 15, '1500.00', '2016-08-20', '0000-00-00 00:00:00', 7, 11, 'fuel'),
(3413, 15, '200.00', '2016-08-20', '0000-00-00 00:00:00', 7, 11, 'oil'),
(3414, 15, '1000.00', '2016-08-20', '0000-00-00 00:00:00', 10, 11, 'fuel'),
(3415, 17, '2020.00', '2016-08-20', '0000-00-00 00:00:00', 7, 11, 'bulk sms'),
(3416, 14, '55000.00', '2016-08-20', '0000-00-00 00:00:00', 9, 11, ''),
(3417, 14, '45105.00', '2016-08-20', '0000-00-00 00:00:00', 12, 11, ''),
(3418, 14, '30000.00', '2016-08-20', '0000-00-00 00:00:00', 13, 11, ''),
(3419, 15, '60105.00', '2016-08-20', '0000-00-00 00:00:00', 7, 11, 'Mr Shadrack'),
(3420, 25, '15105.00', '2016-08-20', '0000-00-00 00:00:00', 7, 11, 'Ruth Olamide'),
(3421, 6, '2021.00', '2016-08-20', '0000-00-00 00:00:00', 7, 11, 'Mr Oliver'),
(3422, 6, '10021.00', '2016-08-20', '0000-00-00 00:00:00', 7, 11, 'Mr Imoh'),
(3423, 14, '34000.00', '2016-08-20', '0000-00-00 00:00:00', 14, 11, ''),
(3424, 5, '2105.00', '2016-08-20', '0000-00-00 00:00:00', 7, 13, 'Feeding (TAC)'),
(3425, 25, '5000.00', '2016-08-20', '0000-00-00 00:00:00', 10, 11, 'Mr Sanwo'),
(3426, 25, '5000.00', '2016-08-20', '0000-00-00 00:00:00', 7, 11, 'Vercetti'),
(3427, 28, '1105.00', '2016-08-21', '0000-00-00 00:00:00', 10, 11, 'Battery charger'),
(3428, 6, '500.00', '2016-08-21', '0000-00-00 00:00:00', 10, 11, 'Dele'),
(3429, 25, '2500.00', '2016-08-21', '0000-00-00 00:00:00', 10, 11, 'Mr Sanwo'),
(3430, 15, '37000.00', '2016-08-21', '0000-00-00 00:00:00', 10, 11, 'Phone'),
(3431, 24, '24105.00', '2016-08-21', '0000-00-00 00:00:00', 13, 11, ''),
(3432, 9, '1000.00', '2016-08-21', '0000-00-00 00:00:00', 10, 11, ''),
(3433, 14, '12105.00', '2016-08-21', '0000-00-00 00:00:00', 8, 11, ''),
(3434, 21, '26105.00', '2016-08-22', '0000-00-00 00:00:00', 14, 13, 'Salary for labour(TAC)'),
(3435, 6, '2000.00', '2016-08-23', '0000-00-00 00:00:00', 12, 11, 'Transport fare(Mr Ola & Ife)'),
(3436, 9, '1000.00', '2016-08-23', '0000-00-00 00:00:00', 12, 11, ''),
(3437, 9, '500.00', '2016-08-23', '0000-00-00 00:00:00', 13, 11, ''),
(3438, 11, '105.00', '2016-08-23', '0000-00-00 00:00:00', 7, 11, 'transfer'),
(3439, 26, '15020.00', '2016-08-23', '0000-00-00 00:00:00', 7, 11, 'Patrick'),
(3440, 25, '3000.00', '2016-08-23', '0000-00-00 00:00:00', 10, 11, ''),
(3441, 6, '1000.00', '2016-08-23', '0000-00-00 00:00:00', 9, 13, 'to sango'),
(3442, 15, '800.00', '2016-08-23', '0000-00-00 00:00:00', 7, 11, 'charger'),
(3443, 21, '6000.00', '2016-08-23', '0000-00-00 00:00:00', 14, 13, 'feeding'),
(3444, 15, '1000.00', '2016-08-24', '0000-00-00 00:00:00', 7, 11, 'fuel'),
(3445, 6, '3000.00', '2016-08-24', '0000-00-00 00:00:00', 8, 11, 'Mr Oliver'),
(3446, 25, '4000.00', '2016-08-24', '0000-00-00 00:00:00', 10, 11, 'Mr Sanwo'),
(3447, 6, '1000.00', '2016-08-24', '0000-00-00 00:00:00', 12, 11, ''),
(3448, 9, '200.00', '2016-08-24', '0000-00-00 00:00:00', 8, 11, ''),
(3449, 26, '57405.00', '2016-08-24', '0000-00-00 00:00:00', 7, 11, 'Olowojebutu victor(Shadrack)'),
(3450, 15, '1000.00', '2016-08-24', '0000-00-00 00:00:00', 8, 11, 'I.D Card deposit'),
(3451, 6, '450.00', '2016-08-24', '0000-00-00 00:00:00', 11, 11, ''),
(3452, 28, '3000.00', '2016-08-24', '0000-00-00 00:00:00', 10, 11, 'Car repairs'),
(3453, 25, '7000.00', '2016-08-24', '0000-00-00 00:00:00', 10, 11, 'Mr Sanwo'),
(3454, 15, '38759.75', '2016-08-25', '0000-00-00 00:00:00', 7, 11, 'Gao(F18 usd102)'),
(3455, 6, '1000.00', '2016-08-25', '0000-00-00 00:00:00', 12, 11, ''),
(3456, 15, '90105.00', '2016-08-25', '0000-00-00 00:00:00', 7, 13, 'Mr Okafor'),
(3457, 15, '5000.00', '2016-08-25', '0000-00-00 00:00:00', 7, 11, 'purchase of DVR'),
(3458, 6, '2020.00', '2016-08-25', '0000-00-00 00:00:00', 15, 11, 'Mr Oliver'),
(3459, 9, '1650.00', '2016-08-25', '0000-00-00 00:00:00', 10, 11, ''),
(3460, 0, '15000.00', '2016-08-25', '0000-00-00 00:00:00', 8, 11, 'car tracker'),
(3461, 21, '5000.00', '2016-08-25', '0000-00-00 00:00:00', 7, 11, 'Installation of tracker'),
(3462, 25, '3050.00', '2016-08-25', '0000-00-00 00:00:00', 10, 11, 'Mr Sanwo'),
(3463, 21, '6000.00', '2016-08-25', '0000-00-00 00:00:00', 7, 13, 'Feeding(TAC 3days)'),
(3464, 6, '2105.00', '2016-08-25', '0000-00-00 00:00:00', 7, 13, 'Transport fare(TAC Labour)'),
(3465, 9, '300.00', '2016-08-25', '0000-00-00 00:00:00', 8, 11, ''),
(3466, 25, '8065.00', '2016-08-25', '0000-00-00 00:00:00', 10, 11, 'Mr Sanwo'),
(3467, 6, '1020.00', '2016-08-26', '0000-00-00 00:00:00', 9, 11, ''),
(3468, 25, '2000.00', '2016-08-26', '0000-00-00 00:00:00', 10, 11, 'Debt for Williams'),
(3469, 6, '1000.00', '2016-08-26', '0000-00-00 00:00:00', 12, 11, ''),
(3470, 0, '2520.00', '2016-08-26', '0000-00-00 00:00:00', 14, 13, 'labour(TAC)'),
(3471, 11, '105.00', '2016-08-26', '0000-00-00 00:00:00', 7, 11, 'transfer'),
(3472, 28, '500.00', '2016-08-26', '0000-00-00 00:00:00', 7, 11, 'generator'),
(3473, 28, '1565.00', '2016-08-26', '0000-00-00 00:00:00', 7, 11, 'Caburetor (Gen)'),
(3474, 15, '70.00', '2016-08-26', '0000-00-00 00:00:00', 7, 11, 'Screw driver '),
(3475, 25, '3500.00', '2016-08-26', '0000-00-00 00:00:00', 7, 11, 'Mr Sanwo'),
(3476, 9, '1000.00', '2016-08-26', '0000-00-00 00:00:00', 10, 11, ''),
(3477, 15, '54605.00', '2016-08-26', '0000-00-00 00:00:00', 7, 11, 'Opeyemi Ventures(avante&scmidit)'),
(3478, 15, '15905.00', '2016-08-26', '0000-00-00 00:00:00', 7, 11, 'Homabec(avante&schmidit)'),
(3479, 15, '900.00', '2016-08-26', '0000-00-00 00:00:00', 7, 11, 'Cutting of poles'),
(3480, 6, '1500.00', '2016-08-26', '0000-00-00 00:00:00', 14, 11, 'avante&schmidit'),
(3481, 15, '565.00', '2016-08-26', '0000-00-00 00:00:00', 7, 11, 'fuel'),
(3482, 25, '11105.00', '2016-08-26', '0000-00-00 00:00:00', 7, 11, 'Animashaun Abimbola'),
(3483, 6, '2605.00', '2016-08-27', '0000-00-00 00:00:00', 14, 13, 'TAC'),
(3484, 15, '33059.78', '2016-08-27', '0000-00-00 00:00:00', 8, 11, '4 indoor ip camera(87usd)'),
(3485, 15, '500.00', '2016-08-27', '0000-00-00 00:00:00', 7, 11, 'oil'),
(3486, 6, '3000.00', '2016-08-27', '0000-00-00 00:00:00', 12, 11, 'Transport fare(Mr Ola&Sanwo)'),
(3487, 11, '105.00', '2016-08-27', '0000-00-00 00:00:00', 7, 11, 'transfer'),
(3488, 11, '65.00', '2016-08-27', '0000-00-00 00:00:00', 7, 11, 'Withdrawal charge'),
(3489, 9, '100.00', '2016-08-27', '0000-00-00 00:00:00', 13, 11, ''),
(3490, 15, '104119.32', '2016-08-27', '0000-00-00 00:00:00', 7, 11, 'Gao(iface 158USD,K40 75USD,TWO A5 41USD)'),
(3491, 17, '1020.00', '2016-08-27', '0000-00-00 00:00:00', 8, 11, 'bulk sms'),
(3492, 26, '4320.00', '2016-08-28', '0000-00-00 00:00:00', 8, 11, 'patrick'),
(3493, 25, '5105.00', '2016-08-28', '0000-00-00 00:00:00', 7, 11, 'Mr Nicholas'),
(3494, 25, '2105.00', '2016-08-28', '0000-00-00 00:00:00', 10, 11, ''),
(3495, 11, '105.00', '2016-08-28', '0000-00-00 00:00:00', 7, 11, 'transfer'),
(3496, 9, '2000.00', '2016-08-29', '0000-00-00 00:00:00', 10, 11, ''),
(3497, 15, '1000.00', '2016-08-30', '0000-00-00 00:00:00', 7, 11, 'Fuel'),
(3498, 6, '2500.00', '2016-08-30', '0000-00-00 00:00:00', 14, 13, 'Labour(TAC)'),
(3499, 26, '18320.00', '2016-08-30', '0000-00-00 00:00:00', 8, 11, 'Mr Patrick(1face,k40,2a5)'),
(3500, 6, '1000.00', '2016-08-30', '0000-00-00 00:00:00', 7, 11, 'Transport fare(Taiwo)'),
(3501, 9, '200.00', '2016-08-30', '0000-00-00 00:00:00', 14, 11, ''),
(3502, 6, '1000.00', '2016-08-30', '0000-00-00 00:00:00', 7, 11, 'Dele'),
(3503, 15, '4565.00', '2016-08-30', '0000-00-00 00:00:00', 7, 11, 'purchase of power bank & charger(Mr Fidelis)'),
(3504, 6, '230.00', '2016-08-30', '0000-00-00 00:00:00', 11, 11, ''),
(3505, 6, '8105.00', '2016-08-30', '0000-00-00 00:00:00', 9, 11, 'Mobilization to Abia(Williams)'),
(3506, 6, '4065.00', '2016-08-30', '0000-00-00 00:00:00', 8, 11, 'Mr Oliver'),
(3507, 25, '2000.00', '2016-08-30', '0000-00-00 00:00:00', 10, 11, ''),
(3508, 9, '500.00', '2016-08-31', '0000-00-00 00:00:00', 12, 11, ''),
(3509, 6, '3000.00', '2016-08-31', '0000-00-00 00:00:00', 10, 11, 'to Sango'),
(3510, 6, '1000.00', '2016-08-31', '0000-00-00 00:00:00', 12, 11, ''),
(3511, 6, '1200.00', '2016-08-31', '0000-00-00 00:00:00', 7, 11, 'Taiwo'),
(3512, 9, '500.00', '2016-08-31', '0000-00-00 00:00:00', 13, 11, ''),
(3513, 15, '200.00', '2016-08-31', '0000-00-00 00:00:00', 7, 11, 'Plug'),
(3514, 15, '800.00', '2016-08-31', '0000-00-00 00:00:00', 7, 11, 'Plug connector'),
(3515, 6, '1000.00', '2016-08-31', '0000-00-00 00:00:00', 11, 11, ''),
(3516, 9, '500.00', '2016-08-31', '0000-00-00 00:00:00', 8, 11, ''),
(3517, 28, '1500.00', '2016-08-31', '0000-00-00 00:00:00', 7, 11, 'Gen repairs'),
(3518, 9, '200.00', '2016-08-31', '0000-00-00 00:00:00', 14, 11, ''),
(3519, 6, '1105.00', '2016-09-01', '0000-00-00 00:00:00', 7, 11, 'Taiwo'),
(3520, 9, '2000.00', '2016-09-01', '0000-00-00 00:00:00', 10, 11, ''),
(3521, 18, '2280.00', '2016-09-01', '0000-00-00 00:00:00', 7, 11, 'S.I Transaction for July'),
(3522, 9, '200.00', '2016-09-01', '0000-00-00 00:00:00', 14, 11, ''),
(3523, 6, '1300.00', '2016-09-01', '0000-00-00 00:00:00', 14, 11, ''),
(3524, 15, '200.00', '2016-09-01', '0000-00-00 00:00:00', 7, 11, 'Trunking'),
(3525, 15, '3000.00', '2016-09-01', '0000-00-00 00:00:00', 7, 11, 'Wire(Video door bell wire)'),
(3526, 6, '1000.00', '2016-09-01', '0000-00-00 00:00:00', 12, 11, ''),
(3527, 15, '22105.00', '2016-09-01', '0000-00-00 00:00:00', 7, 13, '2 Power cable(TAC)'),
(3528, 21, '12000.00', '2016-09-01', '0000-00-00 00:00:00', 7, 13, 'Labour(TAC)'),
(3529, 6, '3000.00', '2016-09-01', '0000-00-00 00:00:00', 7, 13, 'Transport fare(TAC)'),
(3530, 15, '11605.00', '2016-09-01', '0000-00-00 00:00:00', 7, 13, 'Mr Okafor(TAC)'),
(3531, 25, '2000.00', '2016-09-01', '0000-00-00 00:00:00', 10, 11, ''),
(3532, 21, '5000.00', '2016-09-01', '0000-00-00 00:00:00', 7, 11, 'Taiwo(e.f labour)'),
(3533, 6, '1000.00', '2016-09-01', '0000-00-00 00:00:00', 12, 11, ''),
(3534, 15, '1000.00', '2016-09-02', '0000-00-00 00:00:00', 7, 11, 'Fuel'),
(3535, 25, '3710.00', '2016-09-02', '0000-00-00 00:00:00', 10, 11, ''),
(3536, 9, '200.00', '2016-09-02', '0000-00-00 00:00:00', 8, 11, ''),
(3537, 25, '10105.00', '2016-09-02', '0000-00-00 00:00:00', 8, 11, 'Mr Sanwo(Sanwo Adeola)'),
(3538, 11, '17.86', '2016-09-02', '0000-00-00 00:00:00', 7, 11, 'Witholding tax'),
(3539, 15, '23369.85', '2016-09-02', '0000-00-00 00:00:00', 8, 11, 'gao(3A5 USD61.5)'),
(3540, 11, '105.00', '2016-09-02', '0000-00-00 00:00:00', 7, 11, 'Transfer charge'),
(3541, 15, '4300.00', '2016-09-02', '0000-00-00 00:00:00', 7, 11, 'purchase of power bank & charger(Nera networks)'),
(3542, 15, '200.00', '2016-09-02', '0000-00-00 00:00:00', 7, 11, 'Cellotape'),
(3543, 9, '500.00', '2016-09-02', '0000-00-00 00:00:00', 12, 11, ''),
(3544, 21, '6000.00', '2016-09-02', '0000-00-00 00:00:00', 7, 13, '3days Feeding(TAC)'),
(3545, 15, '1000.00', '2016-09-02', '0000-00-00 00:00:00', 7, 13, 'Fishing tape'),
(3546, 6, '2000.00', '2016-09-02', '0000-00-00 00:00:00', 14, 11, '(sango-ikoyi)'),
(3547, 21, '3020.00', '2016-09-02', '0000-00-00 00:00:00', 7, 13, 'Bricklayer(TAC)'),
(3548, 26, '5420.00', '2016-09-02', '0000-00-00 00:00:00', 8, 11, 'Patrick(4 IP CAM)'),
(3549, 6, '3520.00', '2016-09-02', '0000-00-00 00:00:00', 7, 11, 'Dispatch to Abuja'),
(3550, 29, '25790.00', '2016-09-02', '0000-00-00 00:00:00', 7, 11, 'Konga online shopping ltd'),
(3551, 11, '105.00', '2016-09-02', '0000-00-00 00:00:00', 7, 11, 'Transfer charge'),
(3552, 15, '60039.61', '2016-09-02', '0000-00-00 00:00:00', 8, 11, 'gao(iface usd158)'),
(3553, 6, '4500.00', '2016-09-02', '0000-00-00 00:00:00', 7, 11, 'abia return'),
(3554, 25, '1000.00', '2016-09-02', '0000-00-00 00:00:00', 10, 11, 'Mr Sanwo(Tobi)'),
(3555, 6, '1000.00', '2016-09-03', '0000-00-00 00:00:00', 12, 11, ''),
(3556, 12, '9860.94', '2016-09-03', '0000-00-00 00:00:00', 8, 11, 'Daily razor'),
(3557, 15, '104105.00', '2016-09-03', '0000-00-00 00:00:00', 7, 13, '8 Power cables (TAC@ 13,000)'),
(3558, 6, '4105.00', '2016-09-03', '0000-00-00 00:00:00', 7, 13, 'Mobilization of TAC cables'),
(3559, 6, '1000.00', '2016-09-03', '0000-00-00 00:00:00', 7, 13, 'Mobilization for purchase of cable from sango'),
(3560, 6, '1500.00', '2016-09-03', '0000-00-00 00:00:00', 7, 11, 'Dispatch camera to Ilorin(Mr Dapo)'),
(3561, 6, '6000.00', '2016-09-03', '0000-00-00 00:00:00', 8, 11, 'Mr Oliver'),
(3562, 15, '8600.00', '2016-09-03', '0000-00-00 00:00:00', 7, 11, 'Power Bank & Charger(2)'),
(3563, 17, '1020.00', '2016-09-03', '0000-00-00 00:00:00', 7, 11, 'bulk sms'),
(3564, 26, '4020.00', '2016-09-03', '0000-00-00 00:00:00', 8, 11, 'Mr Patrick(F18 from gao)'),
(3565, 25, '5105.00', '2016-09-03', '0000-00-00 00:00:00', 10, 11, 'Mr Sanwo(Sanmi)'),
(3566, 28, '20000.00', '2016-09-03', '0000-00-00 00:00:00', 10, 11, 'car'),
(3567, 28, '4105.00', '2016-09-03', '0000-00-00 00:00:00', 7, 11, 'Ndidika Joseph'),
(3568, 25, '1105.00', '2016-09-04', '0000-00-00 00:00:00', 10, 11, 'Mr Sanwo(Lola)'),
(3569, 6, '2605.00', '2016-09-04', '0000-00-00 00:00:00', 7, 13, 'Transport fare(TAC)'),
(3570, 11, '105.00', '2016-09-06', '0000-00-00 00:00:00', 7, 11, 'transfer'),
(3571, 9, '2000.00', '2016-09-06', '0000-00-00 00:00:00', 10, 11, ''),
(3572, 9, '1000.00', '2016-09-06', '0000-00-00 00:00:00', 12, 11, ''),
(3573, 9, '1000.00', '2016-09-06', '0000-00-00 00:00:00', 13, 11, 'CUG activation'),
(3574, 9, '500.00', '2016-09-06', '0000-00-00 00:00:00', 13, 11, ''),
(3575, 28, '1000.00', '2016-09-06', '0000-00-00 00:00:00', 7, 11, 'Gen repairs'),
(3576, 6, '550.00', '2016-09-06', '0000-00-00 00:00:00', 17, 11, ''),
(3577, 12, '5680.96', '2016-09-06', '0000-00-00 00:00:00', 8, 13, 'Daily razor(TAC)'),
(3578, 9, '400.00', '2016-09-06', '0000-00-00 00:00:00', 8, 11, ''),
(3579, 15, '2500.00', '2016-09-06', '0000-00-00 00:00:00', 7, 11, 'Fuel'),
(3580, 28, '600.00', '2016-09-06', '0000-00-00 00:00:00', 12, 11, 'rewire'),
(3581, 25, '2000.00', '2016-09-06', '0000-00-00 00:00:00', 10, 11, ''),
(3582, 9, '200.00', '2016-09-07', '0000-00-00 00:00:00', 8, 11, ''),
(3583, 25, '5000.00', '2016-09-07', '0000-00-00 00:00:00', 10, 11, ''),
(3584, 21, '6105.00', '2016-09-07', '0000-00-00 00:00:00', 14, 13, 'feeding(3days)'),
(3585, 6, '2500.00', '2016-09-07', '0000-00-00 00:00:00', 14, 13, 'TAC'),
(3586, 6, '1000.00', '2016-09-07', '0000-00-00 00:00:00', 14, 11, 'Ikoyi'),
(3587, 6, '500.00', '2016-09-07', '0000-00-00 00:00:00', 7, 11, 'dele'),
(3588, 6, '1520.00', '2016-09-07', '0000-00-00 00:00:00', 8, 11, 'Dispatch of A5 to aba'),
(3589, 6, '1480.00', '2016-09-07', '0000-00-00 00:00:00', 7, 11, 'Mr Oliver'),
(3590, 6, '1000.00', '2016-09-07', '0000-00-00 00:00:00', 12, 11, ''),
(3591, 15, '920.00', '2016-09-07', '0000-00-00 00:00:00', 12, 11, 'cement for ikoyi'),
(3592, 26, '15170.00', '2016-09-07', '0000-00-00 00:00:00', 8, 11, 'patrick'),
(3593, 25, '2000.00', '2016-09-07', '0000-00-00 00:00:00', 10, 11, ''),
(3594, 6, '600.00', '2016-09-07', '0000-00-00 00:00:00', 17, 11, ''),
(3595, 9, '500.00', '2016-09-08', '0000-00-00 00:00:00', 8, 11, 'data'),
(3596, 15, '43605.00', '2016-09-08', '0000-00-00 00:00:00', 14, 13, 'Cables'),
(3597, 25, '7020.00', '2016-09-08', '0000-00-00 00:00:00', 10, 11, ''),
(3598, 28, '2500.00', '2016-09-08', '0000-00-00 00:00:00', 10, 11, 'car'),
(3599, 15, '500.00', '2016-09-08', '0000-00-00 00:00:00', 14, 11, 'for ikoyi'),
(3600, 6, '1020.00', '2016-09-08', '0000-00-00 00:00:00', 12, 11, ''),
(3601, 28, '200.00', '2016-09-08', '0000-00-00 00:00:00', 8, 11, 'generator'),
(3602, 28, '500.00', '2016-09-16', '0000-00-00 00:00:00', 8, 11, 'generator'),
(3603, 28, '7000.00', '2016-09-09', '0000-00-00 00:00:00', 10, 11, 'car'),
(3604, 28, '5500.00', '2016-09-09', '0000-00-00 00:00:00', 10, 11, 'car'),
(3605, 28, '200.00', '2016-09-08', '0000-00-00 00:00:00', 8, 11, 'generator'),
(3606, 14, '10000.00', '2016-09-09', '0000-00-00 00:00:00', 6, 11, ''),
(3607, 14, '10000.00', '2016-09-09', '0000-00-00 00:00:00', 11, 11, ''),
(3608, 14, '55105.00', '2016-09-09', '0000-00-00 00:00:00', 12, 11, ''),
(3609, 14, '65210.00', '2016-09-09', '0000-00-00 00:00:00', 9, 11, ''),
(3610, 25, '6105.00', '2016-09-09', '0000-00-00 00:00:00', 10, 11, ''),
(3611, 9, '400.00', '2016-09-09', '0000-00-00 00:00:00', 14, 14, ''),
(3612, 9, '200.00', '2016-09-09', '0000-00-00 00:00:00', 8, 11, ''),
(3613, 18, '210.00', '2016-09-09', '0000-00-00 00:00:00', 8, 11, 'transfer'),
(3614, 21, '5020.00', '2016-09-10', '0000-00-00 00:00:00', 10, 11, 'motion detector training'),
(3615, 15, '57105.00', '2016-09-10', '0000-00-00 00:00:00', 17, 11, '10 cameras& 1 dvr'),
(3616, 6, '1105.00', '2016-09-10', '0000-00-00 00:00:00', 14, 11, 'Mr  kalu'),
(3617, 25, '5105.00', '2016-09-10', '0000-00-00 00:00:00', 10, 11, ''),
(3618, 6, '2000.00', '2016-09-10', '0000-00-00 00:00:00', 8, 11, 'Refund to Rev Daniel'),
(3619, 6, '1105.00', '2016-09-11', '0000-00-00 00:00:00', 14, 11, 'Mr  kalu'),
(3620, 9, '200.00', '2016-09-11', '0000-00-00 00:00:00', 8, 11, ''),
(3621, 9, '500.00', '2016-09-14', '0000-00-00 00:00:00', 13, 11, ''),
(3622, 9, '1000.00', '2016-09-14', '0000-00-00 00:00:00', 12, 11, ''),
(3623, 26, '4420.00', '2016-09-14', '0000-00-00 00:00:00', 8, 11, '2 A5'),
(3624, 15, '3500.00', '2016-09-14', '0000-00-00 00:00:00', 12, 10, 'Mr  kalu'),
(3625, 28, '200.00', '2016-09-14', '0000-00-00 00:00:00', 8, 11, 'generator'),
(3626, 25, '3000.00', '2016-09-14', '0000-00-00 00:00:00', 10, 11, ''),
(3627, 15, '1000.00', '2016-09-15', '0000-00-00 00:00:00', 11, 11, 'Fuel'),
(3628, 15, '200.00', '2016-09-15', '0000-00-00 00:00:00', 11, 11, 'oil'),
(3629, 18, '10.00', '2016-09-15', '0000-00-00 00:00:00', 8, 11, 'balance'),
(3630, 25, '2000.00', '2016-09-15', '0000-00-00 00:00:00', 10, 11, ''),
(3631, 9, '200.00', '2016-09-15', '0000-00-00 00:00:00', 13, 11, ''),
(3632, 15, '4000.00', '2016-09-15', '0000-00-00 00:00:00', 12, 11, 'trunking,power cable,transport fare'),
(3633, 15, '3000.00', '2016-09-15', '0000-00-00 00:00:00', 17, 11, 'power bank'),
(3634, 15, '800.00', '2016-09-15', '0000-00-00 00:00:00', 17, 11, 'charger'),
(3635, 6, '300.00', '2016-09-15', '0000-00-00 00:00:00', 17, 11, 'ikeja'),
(3636, 25, '6000.00', '2016-09-15', '0000-00-00 00:00:00', 10, 11, ''),
(3637, 18, '105.00', '2016-09-15', '0000-00-00 00:00:00', 8, 11, 'transfer'),
(3638, 24, '40000.00', '2016-09-15', '0000-00-00 00:00:00', 8, 11, 'teleo concepts'),
(3639, 15, '30000.00', '2016-09-15', '0000-00-00 00:00:00', 8, 11, '2 tracker'),
(3640, 28, '2105.00', '2016-09-15', '0000-00-00 00:00:00', 10, 11, 'car(ndidika joseph)'),
(3641, 15, '19500.00', '2016-09-15', '0000-00-00 00:00:00', 10, 11, 'cat 3 cable(3)'),
(3642, 15, '75020.00', '2016-09-15', '0000-00-00 00:00:00', 10, 11, 'materials for access control'),
(3643, 9, '200.00', '2016-09-15', '0000-00-00 00:00:00', 8, 11, ''),
(3644, 21, '21000.00', '2016-09-10', '0000-00-00 00:00:00', 14, 14, 'salary for 3 days'),
(3645, 21, '35000.00', '2016-09-10', '0000-00-00 00:00:00', 14, 14, 'salary for 5 days'),
(3646, 15, '1000.00', '2016-09-10', '0000-00-00 00:00:00', 14, 14, 'fishing tape'),
(3647, 21, '4000.00', '2016-09-10', '0000-00-00 00:00:00', 14, 14, 'feeding'),
(3648, 6, '1500.00', '2016-09-10', '0000-00-00 00:00:00', 14, 14, ''),
(3649, 6, '1500.00', '2016-09-10', '0000-00-00 00:00:00', 6, 14, 'for purchase'),
(3650, 21, '4500.00', '2016-09-10', '0000-00-00 00:00:00', 14, 14, 'out of station allowance(3days)'),
(3651, 21, '4605.00', '2016-09-10', '0000-00-00 00:00:00', 14, 14, 'out of station allowance(3days)'),
(3652, 15, '2800.00', '2016-09-08', '0000-00-00 00:00:00', 10, 11, 'pizza'),
(3653, 9, '500.00', '2016-09-15', '0000-00-00 00:00:00', 8, 11, 'data'),
(3654, 9, '500.00', '2016-09-08', '0000-00-00 00:00:00', 8, 10, 'data'),
(3655, 25, '2105.00', '2016-09-08', '0000-00-00 00:00:00', 10, 11, ''),
(3656, 9, '2000.00', '2016-09-09', '0000-00-00 00:00:00', 10, 11, ''),
(3657, 18, '105.00', '2016-09-09', '0000-00-00 00:00:00', 8, 11, 'transfer'),
(3658, 15, '147605.00', '2016-09-09', '0000-00-00 00:00:00', 8, 11, 'blessed'),
(3659, 21, '2065.00', '2016-09-15', '0000-00-00 00:00:00', 8, 11, 'Mr  kalu'),
(3660, 15, '55000.00', '2016-09-09', '0000-00-00 00:00:00', 8, 11, 'cotee (mr kalu)'),
(3661, 9, '200.00', '2016-09-09', '0000-00-00 00:00:00', 8, 11, ''),
(3662, 17, '1020.00', '2016-09-09', '0000-00-00 00:00:00', 8, 11, 'bulk sms'),
(3663, 18, '105.00', '2016-09-09', '0000-00-00 00:00:00', 8, 11, 'transfer'),
(3664, 15, '3946.08', '2016-09-14', '0000-00-00 00:00:00', 13, 11, 'online store(alexa)'),
(3665, 15, '3000.00', '2016-09-16', '0000-00-00 00:00:00', 10, 11, 'Fuel'),
(3666, 25, '2000.00', '2016-09-16', '0000-00-00 00:00:00', 10, 11, 'Drugs'),
(3667, 6, '1500.00', '2016-09-16', '0000-00-00 00:00:00', 12, 11, 'Mr Tega'),
(3668, 15, '2300.00', '2016-09-16', '0000-00-00 00:00:00', 14, 11, 'trunking'),
(3669, 6, '100.00', '2016-09-16', '0000-00-00 00:00:00', 13, 11, 'AIMHL'),
(3670, 28, '1500.00', '2016-09-16', '0000-00-00 00:00:00', 8, 11, 'generator'),
(3671, 15, '20105.00', '2016-09-16', '0000-00-00 00:00:00', 10, 11, 'generator'),
(3672, 17, '1020.00', '2016-09-16', '0000-00-00 00:00:00', 8, 11, 'bulk sms'),
(3673, 18, '105.00', '2016-09-16', '0000-00-00 00:00:00', 8, 11, 'transfer'),
(3674, 25, '1000.00', '2016-09-16', '0000-00-00 00:00:00', 10, 11, 'Esther'),
(3675, 6, '1500.00', '2016-09-16', '0000-00-00 00:00:00', 14, 11, 'Mr  kalu'),
(3676, 25, '3000.00', '2016-09-16', '0000-00-00 00:00:00', 10, 11, ''),
(3677, 14, '15130.00', '2016-09-16', '0000-00-00 00:00:00', 8, 11, 'Part'),
(3678, 15, '77420.61', '2016-09-18', '0000-00-00 00:00:00', 8, 11, 'Gao'),
(3679, 25, '4000.00', '2016-09-17', '0000-00-00 00:00:00', 10, 11, ''),
(3680, 9, '500.00', '2016-09-17', '0000-00-00 00:00:00', 8, 11, ''),
(3681, 9, '500.00', '2016-09-19', '0000-00-00 00:00:00', 13, 11, ''),
(3682, 15, '1500.00', '2016-09-19', '0000-00-00 00:00:00', 8, 11, 'Fuel'),
(3683, 15, '500.00', '2016-09-19', '0000-00-00 00:00:00', 8, 11, 'oil'),
(3684, 15, '3000.00', '2016-09-19', '0000-00-00 00:00:00', 8, 11, 'power bank'),
(3685, 15, '1000.00', '2016-09-19', '0000-00-00 00:00:00', 8, 11, 'charger'),
(3686, 25, '3000.00', '2016-09-19', '0000-00-00 00:00:00', 10, 11, ''),
(3687, 15, '2100.00', '2016-09-19', '0000-00-00 00:00:00', 8, 11, 'food'),
(3688, 21, '1000.00', '2016-09-19', '0000-00-00 00:00:00', 10, 14, ''),
(3689, 6, '1000.00', '2016-09-19', '0000-00-00 00:00:00', 14, 11, 'Mr Tega'),
(3690, 15, '3000.00', '2016-09-19', '0000-00-00 00:00:00', 10, 14, 'Fuel'),
(3691, 15, '30705.00', '2016-09-19', '0000-00-00 00:00:00', 11, 11, 'tx (shadrack)'),
(3692, 15, '124000.00', '2016-09-19', '0000-00-00 00:00:00', 10, 11, '2Iface'),
(3693, 18, '125.00', '2016-09-19', '0000-00-00 00:00:00', 8, 11, 'transfer'),
(3694, 15, '2000.00', '2016-09-19', '0000-00-00 00:00:00', 14, 11, '3 Lamps'),
(3695, 21, '2000.00', '2016-09-19', '0000-00-00 00:00:00', 14, 14, 'feeding'),
(3696, 9, '3000.00', '2016-09-20', '0000-00-00 00:00:00', 10, 11, ''),
(3697, 9, '200.00', '2016-09-20', '0000-00-00 00:00:00', 8, 11, ''),
(3698, 9, '1000.00', '2016-09-20', '0000-00-00 00:00:00', 12, 11, ''),
(3699, 14, '10000.00', '2016-09-20', '0000-00-00 00:00:00', 13, 11, 'Part'),
(3700, 6, '1000.00', '2016-09-20', '0000-00-00 00:00:00', 12, 11, ''),
(3701, 9, '2500.00', '2016-09-20', '0000-00-00 00:00:00', 13, 11, 'data'),
(3702, 6, '400.00', '2016-09-20', '0000-00-00 00:00:00', 13, 11, 'esther & ife'),
(3703, 15, '2000.00', '2016-09-20', '0000-00-00 00:00:00', 10, 11, 'food'),
(3704, 15, '650000.00', '2016-09-02', '0000-00-00 00:00:00', 10, 11, 'Honda car'),
(3705, 18, '210.00', '2016-09-02', '0000-00-00 00:00:00', 10, 11, 'counter cheque'),
(3706, 15, '40105.00', '2016-09-02', '0000-00-00 00:00:00', 10, 11, 'Honda car maintenance'),
(3707, 15, '3000.00', '2016-09-20', '0000-00-00 00:00:00', 10, 14, 'Fuel'),
(3708, 28, '2000.00', '2016-09-20', '0000-00-00 00:00:00', 10, 11, ' rewire'),
(3709, 15, '500.00', '2016-09-20', '0000-00-00 00:00:00', 10, 11, '4mins gum'),
(3710, 15, '2000.00', '2016-09-20', '0000-00-00 00:00:00', 10, 14, 'food'),
(3711, 6, '2105.00', '2016-09-20', '0000-00-00 00:00:00', 14, 14, ''),
(3712, 15, '500.00', '2016-09-20', '0000-00-00 00:00:00', 14, 14, 'cellotape'),
(3713, 6, '1000.00', '2016-09-21', '0000-00-00 00:00:00', 12, 14, ''),
(3714, 9, '200.00', '2016-09-21', '0000-00-00 00:00:00', 13, 11, ''),
(3715, 18, '330.00', '2016-09-21', '0000-00-00 00:00:00', 8, 11, 'transfer'),
(3716, 15, '174000.00', '2016-09-21', '0000-00-00 00:00:00', 10, 11, '5 K40, 3 A5 (437USD)'),
(3717, 28, '4000.00', '2016-09-21', '0000-00-00 00:00:00', 10, 11, 'Car wiper'),
(3718, 9, '200.00', '2016-09-21', '0000-00-00 00:00:00', 14, 14, ''),
(3719, 9, '500.00', '2016-09-21', '0000-00-00 00:00:00', 8, 11, 'data'),
(3720, 6, '1000.00', '2016-09-21', '0000-00-00 00:00:00', 15, 11, 'dispatch(Mr Oliver)'),
(3721, 6, '4105.00', '2016-09-21', '0000-00-00 00:00:00', 8, 11, 'dispatch to asaba'),
(3722, 15, '2000.00', '2016-09-21', '0000-00-00 00:00:00', 10, 11, 'Fuel'),
(3723, 25, '3000.00', '2016-09-21', '0000-00-00 00:00:00', 10, 11, 'church'),
(3724, 9, '500.00', '2016-09-21', '0000-00-00 00:00:00', 9, 11, 'data'),
(3725, 15, '12105.00', '2016-09-21', '0000-00-00 00:00:00', 14, 14, 'video cable'),
(3726, 25, '5000.00', '2016-09-21', '0000-00-00 00:00:00', 10, 11, ''),
(3727, 15, '1000.00', '2016-09-21', '0000-00-00 00:00:00', 14, 14, 'nails & screw'),
(3728, 6, '1000.00', '2016-09-21', '0000-00-00 00:00:00', 14, 14, ''),
(3729, 21, '2105.00', '2016-09-22', '0000-00-00 00:00:00', 14, 14, 'feeding'),
(3730, 14, '20020.00', '2016-09-21', '0000-00-00 00:00:00', 12, 11, 'advance for september'),
(3731, 15, '1000.00', '2016-09-22', '0000-00-00 00:00:00', 17, 11, 'Fuel'),
(3732, 18, '125.00', '2016-09-21', '0000-00-00 00:00:00', 8, 11, 'transfer'),
(3733, 6, '4500.00', '2016-09-22', '0000-00-00 00:00:00', 15, 11, ''),
(3734, 15, '15000.00', '2016-09-22', '0000-00-00 00:00:00', 8, 14, '18 way power box(Gm logistics)'),
(3735, 26, '25520.00', '2016-09-22', '0000-00-00 00:00:00', 8, 11, '2 Iface, 1k40, 1 A5'),
(3736, 6, '700.00', '2016-09-21', '0000-00-00 00:00:00', 13, 11, ''),
(3737, 9, '200.00', '2016-09-22', '0000-00-00 00:00:00', 8, 11, ''),
(3738, 18, '2100.00', '2016-09-22', '0000-00-00 00:00:00', 7, 11, 'cheque book charge'),
(3739, 6, '2000.00', '2016-09-22', '0000-00-00 00:00:00', 8, 11, 'pick up from patrick to jibowu(dele)'),
(3740, 6, '2000.00', '2016-09-22', '0000-00-00 00:00:00', 8, 11, 'dispatch to aba'),
(3741, 6, '1000.00', '2016-09-22', '0000-00-00 00:00:00', 11, 11, 'Mr Peter'),
(3742, 25, '3000.00', '2016-09-22', '0000-00-00 00:00:00', 10, 11, ''),
(3743, 6, '2020.00', '2016-09-22', '0000-00-00 00:00:00', 12, 14, '2 days'),
(3744, 9, '200.00', '2016-09-23', '0000-00-00 00:00:00', 8, 11, ''),
(3745, 15, '124000.00', '2016-09-23', '0000-00-00 00:00:00', 8, 11, '2Iface(310usd)'),
(3746, 9, '300.00', '2016-09-23', '0000-00-00 00:00:00', 13, 11, ''),
(3747, 29, '115020.00', '2016-09-23', '0000-00-00 00:00:00', 7, 11, 'oguntimilehin oluwapelumi'),
(3748, 6, '100.00', '2016-09-21', '0000-00-00 00:00:00', 11, 11, ''),
(3749, 6, '3105.00', '2016-09-22', '0000-00-00 00:00:00', 14, 16, ''),
(3750, 6, '100.00', '2016-09-22', '0000-00-00 00:00:00', 6, 10, ''),
(3751, 17, '1020.00', '2016-09-22', '0000-00-00 00:00:00', 8, 11, 'bulk sms'),
(3752, 15, '3000.00', '2016-09-21', '0000-00-00 00:00:00', 6, 16, 'Fuel'),
(3753, 28, '2000.00', '2016-09-21', '0000-00-00 00:00:00', 10, 11, 'car'),
(3754, 25, '3000.00', '2016-09-21', '0000-00-00 00:00:00', 10, 11, ''),
(3755, 14, '10000.00', '2016-09-23', '0000-00-00 00:00:00', 13, 11, 'part for august'),
(3756, 26, '28020.00', '2016-09-26', '0000-00-00 00:00:00', 8, 11, 'biometrics'),
(3757, 15, '10020.00', '2016-09-26', '0000-00-00 00:00:00', 8, 11, 'wanscam camera(26usd)'),
(3758, 15, '209000.00', '2016-09-26', '0000-00-00 00:00:00', 8, 11, '5 k40 & TX'),
(3759, 15, '9000.00', '2016-09-26', '0000-00-00 00:00:00', 6, 11, '3 Power banks'),
(3760, 15, '2400.00', '2016-09-26', '0000-00-00 00:00:00', 17, 11, '3 chargers'),
(3761, 15, '1500.00', '2016-09-26', '0000-00-00 00:00:00', 10, 11, 'Laptop charger'),
(3762, 15, '2000.00', '2016-09-26', '0000-00-00 00:00:00', 6, 11, 'Laptop charger'),
(3763, 6, '300.00', '2016-09-26', '0000-00-00 00:00:00', 17, 11, ''),
(3764, 25, '12105.00', '2016-09-26', '0000-00-00 00:00:00', 10, 11, 'Sanwo Adeola'),
(3765, 14, '35105.00', '2016-09-26', '0000-00-00 00:00:00', 14, 11, 'august'),
(3766, 25, '10105.00', '2016-09-23', '0000-00-00 00:00:00', 10, 11, 'Adigun Tobi'),
(3767, 15, '9105.00', '2016-09-23', '0000-00-00 00:00:00', 14, 16, 'okafor'),
(3768, 14, '5105.00', '2016-09-24', '0000-00-00 00:00:00', 8, 11, 'part for august'),
(3769, 18, '130.00', '2016-09-26', '0000-00-00 00:00:00', 17, 11, 'withdrawal'),
(3770, 9, '700.00', '2016-09-24', '0000-00-00 00:00:00', 10, 11, ''),
(3771, 25, '4040.00', '2016-09-24', '0000-00-00 00:00:00', 10, 11, ''),
(3773, 15, '1865.00', '2016-09-24', '0000-00-00 00:00:00', 8, 11, 'I.D Card final payment'),
(3774, 9, '500.00', '2016-09-26', '0000-00-00 00:00:00', 12, 11, ''),
(3775, 9, '500.00', '2016-09-26', '0000-00-00 00:00:00', 13, 11, ''),
(3776, 9, '500.00', '2016-09-26', '0000-00-00 00:00:00', 8, 11, ''),
(3777, 15, '1500.00', '2016-09-26', '0000-00-00 00:00:00', 11, 11, 'Fuel'),
(3778, 6, '1000.00', '2016-09-26', '0000-00-00 00:00:00', 6, 11, ''),
(3779, 25, '6000.00', '2016-09-26', '0000-00-00 00:00:00', 10, 11, ''),
(3780, 15, '1000.00', '2016-09-26', '0000-00-00 00:00:00', 14, 11, 'plug'),
(3781, 6, '1000.00', '2016-09-26', '0000-00-00 00:00:00', 12, 11, ''),
(3782, 15, '100105.00', '2016-09-26', '0000-00-00 00:00:00', 6, 16, 'Part payment for camera(GM)'),
(3783, 6, '500.00', '2016-09-27', '0000-00-00 00:00:00', 9, 11, ''),
(3784, 9, '500.00', '2016-09-27', '0000-00-00 00:00:00', 9, 11, 'data'),
(3785, 6, '1000.00', '2016-09-27', '0000-00-00 00:00:00', 11, 11, ''),
(3786, 6, '1000.00', '2016-09-27', '0000-00-00 00:00:00', 12, 11, ''),
(3787, 18, '125.00', '2016-09-27', '0000-00-00 00:00:00', 7, 11, 'transfer'),
(3788, 15, '100105.00', '2016-09-27', '0000-00-00 00:00:00', 8, 16, 'GM logistics'),
(3789, 15, '3065.00', '2016-09-27', '0000-00-00 00:00:00', 8, 11, 'printer adaptor'),
(3790, 15, '500.00', '2016-09-27', '0000-00-00 00:00:00', 8, 11, '2 power cables'),
(3791, 15, '500.00', '2016-09-27', '0000-00-00 00:00:00', 8, 11, 'ink'),
(3792, 15, '1600.00', '2016-09-27', '0000-00-00 00:00:00', 10, 11, 'food'),
(3793, 15, '200.00', '2016-09-27', '0000-00-00 00:00:00', 10, 11, 'car park fee'),
(3794, 15, '2000.00', '2016-09-27', '0000-00-00 00:00:00', 10, 16, 'Fuel'),
(3795, 25, '5605.00', '2016-09-27', '0000-00-00 00:00:00', 10, 11, '500(mr timi) 5000(adeola sanwo)'),
(3796, 9, '500.00', '2016-09-27', '0000-00-00 00:00:00', 8, 11, 'data'),
(3797, 9, '200.00', '2016-09-27', '0000-00-00 00:00:00', 8, 11, ''),
(3798, 14, '2000.00', '2016-09-27', '0000-00-00 00:00:00', 11, 11, 'commission'),
(3799, 6, '750.00', '2016-09-28', '0000-00-00 00:00:00', 11, 11, ''),
(3800, 6, '1000.00', '2016-09-28', '0000-00-00 00:00:00', 14, 11, ''),
(3801, 25, '6700.00', '2016-09-28', '0000-00-00 00:00:00', 10, 11, ''),
(3802, 9, '200.00', '2016-09-30', '0000-00-00 00:00:00', 14, 11, ''),
(3803, 15, '7105.00', '2016-09-30', '0000-00-00 00:00:00', 14, 11, 'earth rod & alarm wire'),
(3804, 6, '2500.00', '2016-09-30', '0000-00-00 00:00:00', 14, 11, 'dopemu-ajah-ikoyi'),
(3805, 18, '310.00', '2016-09-30', '0000-00-00 00:00:00', 7, 11, 'transfer '),
(3806, 15, '80105.00', '2016-09-30', '0000-00-00 00:00:00', 8, 11, 'energiser(2)'),
(3807, 9, '400.00', '2016-09-30', '0000-00-00 00:00:00', 8, 11, ''),
(3808, 6, '250.00', '2016-09-30', '0000-00-00 00:00:00', 11, 11, ''),
(3809, 17, '500.00', '2016-09-30', '0000-00-00 00:00:00', 9, 11, 'bulk sms'),
(3810, 6, '1000.00', '2016-09-30', '0000-00-00 00:00:00', 6, 16, ''),
(3811, 15, '1000.00', '2016-09-30', '0000-00-00 00:00:00', 8, 11, 'fuel'),
(3812, 15, '200.00', '2016-09-30', '0000-00-00 00:00:00', 8, 11, 'oil'),
(3813, 6, '1000.00', '2016-09-30', '0000-00-00 00:00:00', 12, 11, ''),
(3814, 9, '1000.00', '2016-09-30', '0000-00-00 00:00:00', 9, 11, 'data'),
(3815, 6, '2500.00', '2016-09-30', '0000-00-00 00:00:00', 14, 11, ''),
(3816, 15, '13105.00', '2016-09-30', '0000-00-00 00:00:00', 17, 11, 'monitor'),
(3817, 15, '11105.00', '2016-09-30', '0000-00-00 00:00:00', 14, 11, 'HTC Cable'),
(3818, 15, '8000.00', '2016-09-30', '0000-00-00 00:00:00', 14, 11, 'hook & spring'),
(3819, 9, '2000.00', '2016-09-29', '0000-00-00 00:00:00', 10, 11, ''),
(3820, 6, '2000.00', '2016-09-29', '0000-00-00 00:00:00', 7, 16, 'sammy'),
(3821, 25, '1000.00', '2016-09-29', '0000-00-00 00:00:00', 10, 11, 'Fisayo Sanwo'),
(3822, 25, '17000.00', '2016-09-29', '0000-00-00 00:00:00', 10, 11, ''),
(3823, 28, '3000.00', '2016-09-29', '0000-00-00 00:00:00', 10, 11, 'car'),
(3824, 15, '3350.00', '2016-09-30', '0000-00-00 00:00:00', 12, 10, 'VGA Cable, Trunking, tape, extension'),
(3825, 18, '85.00', '2016-09-30', '0000-00-00 00:00:00', 7, 11, 'transfer'),
(3826, 28, '5000.00', '2016-09-30', '0000-00-00 00:00:00', 10, 11, 'car'),
(3827, 15, '2000.00', '2016-09-30', '0000-00-00 00:00:00', 10, 11, 'fuel'),
(3828, 15, '2230.00', '2016-09-30', '0000-00-00 00:00:00', 10, 16, 'food'),
(3829, 6, '300.00', '2016-09-30', '0000-00-00 00:00:00', 9, 11, ''),
(3830, 25, '1105.00', '2016-09-30', '0000-00-00 00:00:00', 10, 11, 'refund to williams'),
(3831, 15, '27105.00', '2016-09-30', '0000-00-00 00:00:00', 17, 11, 'adaptor,hard drive, 4 ch dvr '),
(3832, 15, '6000.00', '2016-09-30', '0000-00-00 00:00:00', 17, 16, '4 way power box'),
(3833, 21, '5000.00', '2016-09-30', '0000-00-00 00:00:00', 8, 16, 'sammy'),
(3834, 25, '3000.00', '2016-09-30', '0000-00-00 00:00:00', 10, 11, ''),
(3835, 24, '22500.00', '2016-09-30', '0000-00-00 00:00:00', 10, 11, 'lola'),
(3836, 29, '2000.00', '2016-09-30', '0000-00-00 00:00:00', 6, 16, 'esther'),
(3837, 26, '48565.00', '2016-09-30', '0000-00-00 00:00:00', 8, 11, '5 k40 & 2 Tx'),
(3838, 14, '20105.00', '2016-09-30', '0000-00-00 00:00:00', 12, 11, 'part for september'),
(3839, 6, '2000.00', '2016-09-30', '0000-00-00 00:00:00', 8, 11, 'dispatch to abuja'),
(3840, 6, '3105.00', '2016-09-30', '0000-00-00 00:00:00', 8, 11, 'errandboy dispatch in abuja'),
(3841, 15, '5605.00', '2016-09-30', '0000-00-00 00:00:00', 8, 11, 'extension,trunk,prev. debt'),
(3842, 21, '42605.00', '2016-09-30', '0000-00-00 00:00:00', 8, 16, '5 days'),
(3845, 21, '3000.00', '2016-09-30', '0000-00-00 00:00:00', 14, 16, 'overtime allowance'),
(3846, 14, '10065.00', '2016-10-01', '0000-00-00 00:00:00', 8, 11, 'part for august'),
(3847, 9, '200.00', '2016-10-01', '0000-00-00 00:00:00', 8, 11, ''),
(3848, 9, '1100.00', '2016-10-01', '0000-00-00 00:00:00', 10, 11, ''),
(3858, 6, '3020.00', '2016-10-04', '0000-00-00 00:00:00', 11, 11, 'ibadan'),
(3859, 25, '1105.00', '2016-10-03', '0000-00-00 00:00:00', 10, 11, 'refund to williams'),
(3860, 9, '500.00', '2016-10-03', '0000-00-00 00:00:00', 8, 11, 'data'),
(3861, 25, '10000.00', '2016-09-30', '0000-00-00 00:00:00', 10, 11, 'sent by lola'),
(3862, 9, '100.00', '2016-10-04', '0000-00-00 00:00:00', 12, 11, ''),
(3863, 15, '350.00', '2016-10-04', '0000-00-00 00:00:00', 8, 11, 'screw driver'),
(3864, 15, '4100.00', '2016-10-04', '0000-00-00 00:00:00', 17, 11, 'cake'),
(3865, 15, '1000.00', '2016-10-04', '0000-00-00 00:00:00', 8, 11, 'fuel'),
(3866, 6, '750.00', '2016-10-04', '0000-00-00 00:00:00', 9, 11, ''),
(3867, 14, '10000.00', '2016-10-05', '0000-00-00 00:00:00', 9, 11, 'part for september'),
(3868, 6, '1105.00', '2016-10-05', '0000-00-00 00:00:00', 14, 11, 'Installation at ajah'),
(3869, 15, '2750.00', '2016-10-05', '0000-00-00 00:00:00', 14, 11, 'poles,cap,cutting'),
(3870, 6, '2355.00', '2016-10-05', '0000-00-00 00:00:00', 14, 11, 'ajah-agege'),
(3871, 12, '5907.65', '2016-10-03', '0000-00-00 00:00:00', 10, 11, 'soartexts'),
(3872, 12, '10639.50', '2016-10-04', '0000-00-00 00:00:00', 8, 11, 'crystalhills'),
(3873, 15, '57605.00', '2016-10-04', '0000-00-00 00:00:00', 10, 11, 'phone & screen guard'),
(3874, 15, '3000.00', '2016-10-05', '0000-00-00 00:00:00', 10, 16, 'fuel'),
(3875, 15, '3000.00', '2016-10-04', '0000-00-00 00:00:00', 10, 11, 'fuel'),
(3876, 25, '3000.00', '2016-09-04', '0000-00-00 00:00:00', 10, 11, ''),
(3877, 25, '7020.00', '2016-09-04', '0000-00-00 00:00:00', 10, 11, 'sanwo ore'),
(3878, 25, '8105.00', '2016-10-04', '0000-00-00 00:00:00', 10, 11, 'sunday sosu'),
(3879, 6, '3105.00', '2016-10-05', '0000-00-00 00:00:00', 14, 11, ''),
(3880, 9, '200.00', '2016-10-05', '0000-00-00 00:00:00', 8, 11, ''),
(3881, 9, '1500.00', '2016-10-05', '0000-00-00 00:00:00', 13, 11, ''),
(3882, 6, '1000.00', '2016-10-05', '0000-00-00 00:00:00', 12, 11, ''),
(3883, 6, '370.00', '2016-10-05', '0000-00-00 00:00:00', 8, 11, 'toll fee'),
(3884, 10, '1000.00', '2016-10-05', '0000-00-00 00:00:00', 10, 11, 'police'),
(3885, 28, '300.00', '2016-10-05', '0000-00-00 00:00:00', 10, 11, 'car'),
(3886, 15, '63000.00', '2016-10-05', '0000-00-00 00:00:00', 8, 16, 'tv'),
(3887, 18, '195.00', '2016-10-05', '0000-00-00 00:00:00', 8, 11, 'withdrawal'),
(3888, 15, '2940.00', '2016-10-05', '0000-00-00 00:00:00', 10, 11, 'food'),
(3889, 14, '35105.00', '2016-10-05', '0000-00-00 00:00:00', 14, 11, 'september'),
(3890, 11, '105.00', '2016-10-05', '0000-00-00 00:00:00', 8, 11, ''),
(3891, 14, '10020.00', '2016-10-05', '0000-00-00 00:00:00', 6, 11, 'september'),
(3892, 14, '10020.00', '2016-10-05', '0000-00-00 00:00:00', 11, 11, 'september'),
(3893, 21, '2000.00', '2016-10-05', '0000-00-00 00:00:00', 8, 16, 'sammy'),
(3894, 25, '1000.00', '2016-10-05', '0000-00-00 00:00:00', 10, 11, ''),
(3895, 6, '1105.00', '2016-10-06', '0000-00-00 00:00:00', 14, 11, 'abbey & semmy'),
(3896, 25, '3000.00', '2016-10-06', '0000-00-00 00:00:00', 10, 11, ''),
(3897, 9, '400.00', '2016-10-06', '0000-00-00 00:00:00', 8, 11, ''),
(3898, 9, '1000.00', '2016-10-06', '0000-00-00 00:00:00', 10, 11, ''),
(3899, 6, '250.00', '2016-10-06', '0000-00-00 00:00:00', 17, 11, ''),
(3900, 6, '1000.00', '2016-10-06', '0000-00-00 00:00:00', 14, 16, 'abbey & semmy'),
(3901, 21, '1605.00', '2016-10-06', '0000-00-00 00:00:00', 8, 16, 'sammy'),
(3902, 6, '1500.00', '2016-10-06', '0000-00-00 00:00:00', 14, 11, 'ajah'),
(3903, 14, '10000.00', '2016-10-06', '0000-00-00 00:00:00', 17, 11, 'september'),
(3904, 25, '16855.00', '2016-10-06', '0000-00-00 00:00:00', 10, 11, 'tobi'),
(3905, 14, '29105.00', '2016-10-06', '0000-00-00 00:00:00', 9, 11, 'september'),
(3906, 14, '15020.00', '2016-10-06', '0000-00-00 00:00:00', 12, 11, 'september'),
(3907, 14, '20000.00', '2016-10-06', '0000-00-00 00:00:00', 8, 11, 'final for august'),
(3908, 14, '10000.00', '2016-10-05', '0000-00-00 00:00:00', 13, 11, 'final for august'),
(3909, 25, '70105.00', '2016-10-05', '0000-00-00 00:00:00', 10, 11, 'salako sola'),
(3910, 15, '333105.00', '2016-10-05', '0000-00-00 00:00:00', 8, 16, 'gm logistics'),
(3911, 15, '2000.00', '2016-10-06', '0000-00-00 00:00:00', 10, 11, 'fuel'),
(3912, 15, '7400.00', '2016-10-07', '0000-00-00 00:00:00', 17, 11, '2 power banks & charger'),
(3913, 6, '300.00', '2016-10-07', '0000-00-00 00:00:00', 17, 11, ''),
(3914, 25, '720.00', '2016-10-06', '0000-00-00 00:00:00', 10, 11, ''),
(3915, 17, '2020.00', '2016-10-07', '0000-00-00 00:00:00', 8, 11, ''),
(3916, 15, '1000.00', '2016-10-07', '0000-00-00 00:00:00', 17, 11, 'fuel'),
(3917, 25, '2000.00', '2016-10-07', '0000-00-00 00:00:00', 10, 11, ''),
(3918, 9, '200.00', '2016-10-07', '0000-00-00 00:00:00', 13, 11, ''),
(3919, 15, '10000.00', '2016-10-07', '0000-00-00 00:00:00', 11, 11, 'spectranet data'),
(3921, 5, '200.00', '2016-11-02', '0000-00-00 00:00:00', 6, 10, 'food');

-- --------------------------------------------------------

--
-- Table structure for table `expensesbudget`
--

CREATE TABLE `expensesbudget` (
  `id` int(10) UNSIGNED NOT NULL,
  `budgetyear` year(4) NOT NULL,
  `budgetmonth` varchar(100) NOT NULL,
  `amountbudgetted` varchar(100) NOT NULL
) ENGINE=InnoDB DEFAULT CHARSET=latin1;

-- --------------------------------------------------------

--
-- Table structure for table `expenses_type`
--

CREATE TABLE `expenses_type` (
  `expenses_type_id` int(10) UNSIGNED NOT NULL,
  `expenses_type` varchar(30) NOT NULL,
  `expenses_alias` varchar(30) NOT NULL
) ENGINE=InnoDB DEFAULT CHARSET=latin1;

--
-- Dumping data for table `expenses_type`
--

INSERT INTO `expenses_type` (`expenses_type_id`, `expenses_type`, `expenses_alias`) VALUES
(5, 'feeding', ''),
(6, 'Transportation', ''),
(9, 'airtime', ''),
(10, 'others', ''),
(11, 'transfer charge', ''),
(12, 'Domain registration', ''),
(14, 'Salary', ''),
(15, 'purchase', ''),
(17, 'Estore sms', ''),
(18, 'Bank charges', ''),
(21, 'labour', ''),
(22, 'IOU', ''),
(24, 'debt', ''),
(25, 'Drawings', ''),
(26, 'Clearings', ''),
(27, 'Birthdays', ''),
(28, 'Repairs', ''),
(29, 'commission', '');

-- --------------------------------------------------------

--
-- Table structure for table `income`
--

CREATE TABLE `income` (
  `income_id` mediumint(9) NOT NULL,
  `income_title` varchar(30) NOT NULL,
  `income_description` varchar(100) NOT NULL,
  `Customers_name` varchar(40) NOT NULL,
  `date_of_income` date NOT NULL,
  `income_amount` decimal(15,2) NOT NULL,
  `income_alias` varchar(30) NOT NULL
) ENGINE=InnoDB DEFAULT CHARSET=latin1;

--
-- Dumping data for table `income`
--

INSERT INTO `income` (`income_id`, `income_title`, `income_description`, `Customers_name`, `date_of_income`, `income_amount`, `income_alias`) VALUES
(27, 'Development', 'Website', 'Omilabu Samsideen', '2016-08-02', '20000.00', ''),
(28, 'Purchase', 'power bank', 'Mr Onwuka Emeka', '2016-08-02', '23000.00', ''),
(29, 'Sales ', '4 Tx', 'Mr Amaechi', '2016-08-04', '220000.00', ''),
(30, 'Sales ', 'Car tracker', 'Master', '2016-08-05', '15000.00', ''),
(31, 'Sales ', 'RFID Cards 11', 'Mundial', '2016-08-05', '3500.00', ''),
(32, 'Domain', 'Netkobo domain purchase', 'Mr Amaechi', '2016-08-05', '9000.00', ''),
(33, 'Sales ', 'TX', 'Ayo Aluko', '2016-08-06', '45000.00', ''),
(34, 'Development', 'Software', 'Mr Aniete', '2016-08-06', '80000.00', ''),
(35, 'Development', 'Website', 'Ghandi Samsideen', '2016-08-06', '10000.00', ''),
(36, 'Installation', 'Car tracker', 'Mr Ibrahim', '2016-08-06', '23000.00', ''),
(37, 'Installation', 'Car tracker', 'Emmanuel Musa', '2016-08-07', '30000.00', ''),
(38, 'Installation', 'IP Camera installation', 'Akinlonu Adebisi', '2016-08-09', '110000.00', ''),
(39, 'Installation', 'Camera installation', 'Ambassadors', '2016-08-09', '200000.00', ''),
(40, 'Sales ', 'TX', 'Ayo supersaver', '2016-08-10', '10000.00', ''),
(41, 'Sales ', 'A5', 'Jumia', '2016-08-13', '16150.00', ''),
(42, 'Installation', 'Access control', 'Ayodeji Aluko', '2016-08-13', '100000.00', ''),
(43, 'Sales ', 'k40', 'Florida integrated farms', '2016-08-17', '80000.00', ''),
(44, 'Sales ', 'Smoke detector cam', 'Raish Info systems Ltd ', '2016-08-17', '23000.00', ''),
(45, 'Sales ', '2 ip camera', 'Dapo Adimula', '2016-08-19', '45000.00', ''),
(46, 'Installation', 'Camera installation', 'Ambassadors', '2016-08-19', '500000.00', ''),
(47, 'Sales ', 'trading of A5-Tx', 'Mr Akinowo', '2016-08-19', '60000.00', ''),
(48, 'Installation', 'Access control', 'Ayo Aluko', '2016-08-23', '40000.00', ''),
(49, 'Sales ', 'k40', 'Mr Ugwu', '2016-08-23', '69500.00', ''),
(50, 'Sales ', 'Car tracker', 'Robec', '2016-08-24', '35000.00', ''),
(51, 'Sales ', '60 RFID Cards', 'Mr Chris', '2016-08-25', '21000.00', ''),
(52, 'Installation', '50% for electric fence', 'Avante&Schmidit(50% for electric fence)', '2016-08-25', '138000.00', ''),
(53, 'Sales ', 'Car sale', '', '2016-08-27', '300000.00', ''),
(54, 'Sales ', 'F18', 'Mr Ajose', '2016-08-30', '65000.00', ''),
(55, 'Sales ', 'Maglock&battery', 'Mr Segun Adewakun', '2016-08-30', '75000.00', ''),
(56, 'Transportation', 'Mobilization to Abia', 'Mr Amaechi', '2016-08-30', '10000.00', ''),
(57, 'Sales ', 'Iface', 'Joy Bassey', '2016-08-30', '105000.00', ''),
(58, 'Sales ', 'A5', 'Mr Peter Amakhele', '2016-08-31', '23000.00', ''),
(59, 'Sales ', 'A5', 'Mr Femi Brown', '2016-08-31', '33000.00', ''),
(60, 'Sales ', 'power bank', 'Mr Fidelis', '2016-08-31', '8000.00', ''),
(61, 'Installation', 'Camera installation', 'Ambassador', '2016-09-01', '1000000.00', ''),
(62, 'Sales ', 'A5', 'Mr Peter Amakhele', '2016-09-01', '14000.00', ''),
(63, 'Sales ', 'A5 (60% 36,000)', 'Okeke Izuchukwu', '2016-09-02', '21600.00', ''),
(64, 'Transportation', 'Mobilization to Abia', 'Mr Amaechi', '2016-09-02', '5500.00', ''),
(65, 'Sales ', 'A5', 'Nera Networks', '2016-09-02', '38000.00', ''),
(66, 'Sales ', '1 Ip Camera', 'Mr Dapo Adimula', '2016-09-03', '23000.00', ''),
(67, 'Sales', 'Ch101&power bank', 'nispo pharmaceuticals', '2016-09-08', '29000.00', ''),
(69, 'Rev Daniel', 'tracker', 'Ajibade daniel', '2016-09-08', '24000.00', ''),
(70, 'isource concept', 'installation', 'Mr Kalu', '2016-09-08', '259200.00', ''),
(71, 'mohammed olatunji', 'power bank', 'mohammed olatunji', '2016-09-10', '9000.00', ''),
(72, 'okeke izu', 'complete a5 payment', 'okeke izu', '2016-09-14', '14400.00', ''),
(73, 'Mr chris', '1 A5 & 1 K40', 'CHRIS TEDELA', '2016-09-15', '95000.00', ''),
(74, 'Mr Jude', 'A5 & Powerbank', 'Mr Jude Olijo', '2016-09-16', '29000.00', ''),
(75, 'Mr Tega', 'access control & k40(150000 & 70500) ', 'Mr Tega', '2016-09-15', '130000.00', ''),
(76, 'Ramat', 'Tracker installation', 'Mrs Ramat', '2016-09-19', '35000.00', ''),
(77, 'Mr Fidelis', 'A5', 'Mr Fidelis', '2016-09-19', '19000.00', ''),
(78, 'Sales', 'Power bank', 'Mr Solomon', '2016-09-19', '8000.00', ''),
(79, 'Sales', '2 Iface', 'Mr Daniel Okwum', '2016-09-19', '180000.00', ''),
(80, 'Sales', 'k40', 'Christ Ambassador', '2016-09-20', '65000.00', ''),
(81, 'Sales', '2 k40', 'okeke izu', '2016-09-21', '128000.00', ''),
(82, 'Sales', 'k40', 'Mr Chris', '2016-09-21', '65000.00', ''),
(83, 'Sales', 'A5', 'Starryville school', '2016-09-21', '30000.00', ''),
(84, 'Sales', 'Unknown', 'Temitope David', '2016-09-19', '20000.00', ''),
(85, 'Sales', '2 Iface', 'Mundial Enterprises', '2016-09-21', '305000.00', ''),
(86, 'Sales', 'Unknown', 'Mr Ademola', '2016-09-22', '80000.00', ''),
(87, 'Installation', 'payment for cctv and motion detector', 'Mr Kalu', '2016-09-26', '78800.00', ''),
(88, 'Sales', 'part payment for TX', 'Mr Femi Abimbola', '2016-09-26', '40000.00', ''),
(89, 'Sales', 'part payment for K40', 'Mr Fidelis', '2016-09-26', '58000.00', ''),
(90, 'Sales', 'part payment for K40(4)', 'Mr Chris', '2016-09-26', '130000.00', ''),
(91, 'Installation', 'camera installation', 'TAC', '2016-10-04', '1000000.00', ''),
(94, 'Installation', 'electric fence', 'Barrister Biola', '2016-09-27', '69000.00', ''),
(95, 'Sales', 'k40', 'limi hospital', '2016-09-27', '75000.00', ''),
(96, 'Sales', 'k40 & A5', 'SAFALEX', '2016-09-27', '97000.00', ''),
(97, 'Sales', 'k40 & A5', 'SAFALEX', '2016-09-27', '97000.00', ''),
(98, 'Sales', ' A5', 'Mr Fidelis', '2016-09-28', '25000.00', ''),
(99, 'Installation', 'cctv', 'Mr Kalu', '2016-09-28', '100000.00', ''),
(100, 'Maintenance', 'biometrics', 'clear essence', '2016-09-28', '8000.00', ''),
(101, 'Sales', 'tx', 'Mr Femi', '2016-09-29', '20000.00', ''),
(102, 'Sales', 'camera', 'Femi Oladidpupo kayode', '2016-09-29', '21000.00', ''),
(103, 'Sales', '4 k40', 'mr chris', '2016-10-04', '130000.00', ''),
(104, 'Installation', 'access control', 'Mr Tega(grappleline technologies)', '2016-10-04', '11500.00', ''),
(105, 'sales', 'part payment for 5 iface', 'Paul Osiaje', '2016-10-06', '250000.00', ''),
(106, 'Installation', 'final payment for electric fence', 'Barrister Biola', '2016-10-07', '69000.00', '');

-- --------------------------------------------------------

--
-- Table structure for table `incomebudget`
--

CREATE TABLE `incomebudget` (
  `id` int(10) UNSIGNED NOT NULL,
  `budgetyear` varchar(100) NOT NULL,
  `budgetmonth` int(11) NOT NULL,
  `amountbudgetted` varchar(100) NOT NULL
) ENGINE=InnoDB DEFAULT CHARSET=latin1;

-- --------------------------------------------------------

--
-- Table structure for table `payment mode`
--

CREATE TABLE `payment mode` (
  `Payment_id` int(11) NOT NULL,
  `Payment_mode` varchar(20) NOT NULL,
  `Bank_id` int(11) DEFAULT NULL
) ENGINE=InnoDB DEFAULT CHARSET=latin1;

-- --------------------------------------------------------

--
-- Table structure for table `payment_mode`
--

CREATE TABLE `payment_mode` (
  `payment_mode_id` int(10) UNSIGNED NOT NULL,
  `payment_mode` varchar(100) NOT NULL,
  `payment_mode_desc` text NOT NULL
) ENGINE=InnoDB DEFAULT CHARSET=latin1;

-- --------------------------------------------------------

--
-- Table structure for table `privilege`
--

CREATE TABLE `privilege` (
  `privilege_id` int(10) UNSIGNED NOT NULL,
  `privilege` varchar(30) NOT NULL
) ENGINE=InnoDB DEFAULT CHARSET=latin1;

--
-- Dumping data for table `privilege`
--

INSERT INTO `privilege` (`privilege_id`, `privilege`) VALUES
(1, 'SuperAdmin'),
(2, 'HR'),
(3, 'CRM'),
(4, 'Editor');

-- --------------------------------------------------------

--
-- Table structure for table `products`
--

CREATE TABLE `products` (
  `Products_id` int(11) NOT NULL,
  `Products_Name` varchar(50) NOT NULL,
  `Price` double NOT NULL,
  `Description` text NOT NULL
) ENGINE=InnoDB DEFAULT CHARSET=latin1;

--
-- Dumping data for table `products`
--

INSERT INTO `products` (`Products_id`, `Products_Name`, `Price`, `Description`) VALUES
(33, 'A5', 1200, 'giood'),
(34, 'A5', 12, 'jsds'),
(35, 'A^', 1211, '121'),
(36, 'gsgdsdh ghdsdgh', 12121212121, 'sdjsd sjdjdjwd jwnd'),
(37, 'iytrytyu', 0, 'dhgfgh');

-- --------------------------------------------------------

--
-- Table structure for table `project`
--

CREATE TABLE `project` (
  `project_id` mediumint(8) UNSIGNED NOT NULL,
  `project_title` varchar(30) NOT NULL,
  `project_desc` longtext NOT NULL,
  `estimate` int(40) NOT NULL,
  `amount_spent` int(40) NOT NULL,
  `created_at` datetime NOT NULL DEFAULT CURRENT_TIMESTAMP,
  `updated_at` varchar(12) NOT NULL,
  `project_alias` varchar(10) NOT NULL
) ENGINE=InnoDB DEFAULT CHARSET=latin1;

--
-- Dumping data for table `project`
--

INSERT INTO `project` (`project_id`, `project_title`, `project_desc`, `estimate`, `amount_spent`, `created_at`, `updated_at`, `project_alias`) VALUES
(10, 'Camera Installation', 'Fixing of cctv camera in lekki', 0, 0, '2016-09-26 10:47:40', '0000-00-00 0', ''),
(11, 'None', 'No project', 0, 0, '2016-09-26 10:47:40', '0000-00-00 0', ''),
(12, 'Renovation', '', 0, 0, '2016-09-26 10:47:40', '0000-00-00 0', ''),
(13, 'Ambassadors', '', 0, 0, '2016-09-26 10:47:40', '0000-00-00 0', ''),
(16, 'TAC', '', 0, 0, '2016-09-26 15:34:15', '', '');

-- --------------------------------------------------------

--
-- Table structure for table `purchase`
--

CREATE TABLE `purchase` (
  `Purchase_id` int(11) NOT NULL,
  `Customer_id` varchar(20) NOT NULL,
  `Product_id` int(11) NOT NULL,
  `Payment_id` char(11) NOT NULL,
  `Quantity` int(11) NOT NULL,
  `Date` date NOT NULL,
  `Product_price` double NOT NULL,
  `Discount` double NOT NULL,
  `Paid` double NOT NULL,
  `Debt` double NOT NULL,
  `Total` double NOT NULL,
  `Description` text NOT NULL
) ENGINE=InnoDB DEFAULT CHARSET=latin1;

--
-- Dumping data for table `purchase`
--

INSERT INTO `purchase` (`Purchase_id`, `Customer_id`, `Product_id`, `Payment_id`, `Quantity`, `Date`, `Product_price`, `Discount`, `Paid`, `Debt`, `Total`, `Description`) VALUES
(42, '1', 35, 'Cash', 1, '2016-10-01', 122, 10, 100, 12, 112, 'dwdsd'),
(43, '3', 34, 'Transfer', 1, '2016-10-01', 111, 111, 1, -1, 0, 'sdsdsdsd'),
(44, '2', 34, 'Cheque', 1, '2016-10-20', 1, 1, 1, -1, 0, 'dsd'),
(45, '5', 33, 'Cash', 1, '2016-10-01', 1, 1, 1, -1, 0, 'dsd');

-- --------------------------------------------------------

--
-- Table structure for table `purchases`
--

CREATE TABLE `purchases` (
  `purchase_id` int(11) NOT NULL,
  `title` varchar(60) NOT NULL,
  `description` text NOT NULL,
  `vendor_id` int(4) NOT NULL,
  `unitamount` int(60) NOT NULL,
  `quantity` int(5) NOT NULL,
  `totalamount` int(60) NOT NULL,
  `created` varchar(10) NOT NULL
) ENGINE=InnoDB DEFAULT CHARSET=latin1;

--
-- Dumping data for table `purchases`
--

INSERT INTO `purchases` (`purchase_id`, `title`, `description`, `vendor_id`, `unitamount`, `quantity`, `totalamount`, `created`) VALUES
(1, 'Milk', 'Just an Add', 0, 0, 0, 0, '26/09/2016'),
(2, 'Gala ', 'For me', 1, 0, 5, 0, '26/09/2016'),
(3, 'Gala ', 'For me', 1, 100, 5, 500, '26/09/2016');

-- --------------------------------------------------------

--
-- Table structure for table `resettokens`
--

CREATE TABLE `resettokens` (
  `token` varchar(40) NOT NULL,
  `uid` int(11) NOT NULL,
  `requested` varchar(20) NOT NULL
) ENGINE=InnoDB DEFAULT CHARSET=latin1;

-- --------------------------------------------------------

--
-- Table structure for table `staff`
--

CREATE TABLE `staff` (
  `staff_id` int(10) UNSIGNED NOT NULL,
  `staff_fname` varchar(30) NOT NULL,
  `staff_ln` varchar(30) NOT NULL,
  `department_id` int(11) NOT NULL,
  `staff_sex` text NOT NULL,
  `staff_dateofbirth` date NOT NULL,
  `staff_qualification` varchar(30) NOT NULL,
  `yearjoined` year(4) NOT NULL,
  `staff_email` varchar(40) NOT NULL,
  `staff_acct_no` varchar(15) NOT NULL,
  `staff_phone_num` varchar(20) NOT NULL,
  `staff-alias` varchar(10) NOT NULL
) ENGINE=InnoDB DEFAULT CHARSET=latin1;

--
-- Dumping data for table `staff`
--

INSERT INTO `staff` (`staff_id`, `staff_fname`, `staff_ln`, `department_id`, `staff_sex`, `staff_dateofbirth`, `staff_qualification`, `yearjoined`, `staff_email`, `staff_acct_no`, `staff_phone_num`, `staff-alias`) VALUES
(6, 'Esther', 'Adenekan', 4, 'female', '1997-03-22', 'phd', 2016, 'essietom@gmail.com', '0156448203 ', '08149940568', ''),
(7, 'no', 'staff', 4, 'male', '2016-08-01', 'crystalhills', 2001, 'info@crystalhills.org', '456789 ', 'cystalhills', ''),
(8, 'Halima', 'Ibrahim', 4, 'female', '2016-08-01', 'phd', 2001, 'info@crystalhills.org', '13467', '09076543567', ''),
(9, 'Isaac', 'Williams', 4, 'male', '1993-08-04', 'phd', 2016, 'williamscalg@gmail.com', '0987654321', '08148383698', ''),
(10, 'Oluwatimileyin', 'Sanwo', 4, 'male', '0000-00-00', 'BSC', 1998, 'crystallinehills@yahoo.com', '734', '2348138316169', ''),
(11, 'Ifeoluwa', 'Paul', 4, 'male', '2016-08-06', 'Bsc', 2016, 'awesomepaul007@gmail.com', '234567890-', '081764738298', ''),
(12, 'Ola', 'Jegun', 6, 'male', '2016-08-15', 'Bsc', 2016, 'olaoye@gmail.com', '0987656789', '081764738298', ''),
(13, 'Omolola', 'Adigun', 5, 'female', '2016-08-08', 'Bsc', 2001, 'adigunomolola@ymail.com', '389765435678', '080654678763', ''),
(14, 'Abiodun', 'Abbey', 4, 'male', '2016-08-14', 'phd', 2004, 'abbey@gmail.com', '098765432', '0987678908', ''),
(15, 'Oliver', 'Mr', 10, 'male', '2016-08-02', 'Bsc', 2007, 'olivertwist@ymail.com', '09876543456', '09076577655', ''),
(16, 'Patrick', 'Mr', 10, 'male', '2016-08-18', 'Bsc', 2003, 'patrickk@gmail.com', '4567890987654', '09076577655', ''),
(17, 'oluwatobiloba', 'Adigun', 7, 'female', '1992-10-04', 'Bsc', 2016, 'Adiguntoby@yahoo.com', '3051007356', '08160471147', '');

-- --------------------------------------------------------

--
-- Table structure for table `to-do-list`
--

CREATE TABLE `to-do-list` (
  `id` int(10) UNSIGNED NOT NULL,
  `title` varchar(100) NOT NULL,
  `content` text NOT NULL,
  `date` date NOT NULL,
  `time` time NOT NULL,
  `privilege` int(11) NOT NULL
) ENGINE=InnoDB DEFAULT CHARSET=latin1;

-- --------------------------------------------------------

--
-- Table structure for table `user`
--

CREATE TABLE `user` (
  `id` mediumint(9) NOT NULL,
  `username` varchar(30) NOT NULL,
  `password` varchar(30) NOT NULL,
  `password_salt` varchar(60) NOT NULL,
  `name` varchar(30) NOT NULL,
  `created` datetime NOT NULL,
  `attempt` varchar(15) NOT NULL,
  `email` varchar(50) NOT NULL,
  `privilege_id` int(11) NOT NULL
) ENGINE=InnoDB DEFAULT CHARSET=latin1;

--
-- Dumping data for table `user`
--

INSERT INTO `user` (`id`, `username`, `password`, `password_salt`, `name`, `created`, `attempt`, `email`, `privilege_id`) VALUES
(1, 'admin', 'admin', '', 'administrator', '2016-11-02 09:33:40', '', 'admin@admin.com', 1),
(2, 'lola', 'lola', '', 'Adigun', '2016-11-02 11:14:18', '', 'lolaadigun@ymail.com', 3),
(3, 'tobi', 'tobi', '', 'Tobi', '2016-11-02 11:35:36', '', 'tobiadigun@gmail.com', 4);

-- --------------------------------------------------------

--
-- Table structure for table `vendor`
--

CREATE TABLE `vendor` (
  `vendor_id` int(30) NOT NULL,
  `name` varchar(50) NOT NULL,
  `address` text NOT NULL,
  `phone` int(14) NOT NULL,
  `email` varchar(40) NOT NULL,
  `country` varchar(40) NOT NULL
) ENGINE=InnoDB DEFAULT CHARSET=latin1;

--
-- Dumping data for table `vendor`
--

INSERT INTO `vendor` (`vendor_id`, `name`, `address`, `phone`, `email`, `country`) VALUES
(1, 'Lola', 'A simple Add', 4567890, 'williamscalg@gmail.com', 'Nigeria');

--
-- Indexes for dumped tables
--

--
-- Indexes for table `bank`
--
ALTER TABLE `bank`
  ADD PRIMARY KEY (`Bank_id`);

--
-- Indexes for table `customer`
--
ALTER TABLE `customer`
  ADD PRIMARY KEY (`customer_id`);

--
-- Indexes for table `customers`
--
ALTER TABLE `customers`
  ADD PRIMARY KEY (`customer_id`);

--
-- Indexes for table `department`
--
ALTER TABLE `department`
  ADD PRIMARY KEY (`department_id`);

--
-- Indexes for table `expenses`
--
ALTER TABLE `expenses`
  ADD PRIMARY KEY (`expenses_id`);

--
-- Indexes for table `expensesbudget`
--
ALTER TABLE `expensesbudget`
  ADD PRIMARY KEY (`id`);

--
-- Indexes for table `expenses_type`
--
ALTER TABLE `expenses_type`
  ADD PRIMARY KEY (`expenses_type_id`);

--
-- Indexes for table `income`
--
ALTER TABLE `income`
  ADD PRIMARY KEY (`income_id`);

--
-- Indexes for table `incomebudget`
--
ALTER TABLE `incomebudget`
  ADD PRIMARY KEY (`id`);

--
-- Indexes for table `payment mode`
--
ALTER TABLE `payment mode`
  ADD PRIMARY KEY (`Payment_id`);

--
-- Indexes for table `payment_mode`
--
ALTER TABLE `payment_mode`
  ADD PRIMARY KEY (`payment_mode_id`);

--
-- Indexes for table `privilege`
--
ALTER TABLE `privilege`
  ADD PRIMARY KEY (`privilege_id`);

--
-- Indexes for table `products`
--
ALTER TABLE `products`
  ADD PRIMARY KEY (`Products_id`);

--
-- Indexes for table `project`
--
ALTER TABLE `project`
  ADD PRIMARY KEY (`project_id`);

--
-- Indexes for table `purchase`
--
ALTER TABLE `purchase`
  ADD PRIMARY KEY (`Purchase_id`);

--
-- Indexes for table `purchases`
--
ALTER TABLE `purchases`
  ADD PRIMARY KEY (`purchase_id`);

--
-- Indexes for table `staff`
--
ALTER TABLE `staff`
  ADD PRIMARY KEY (`staff_id`);

--
-- Indexes for table `to-do-list`
--
ALTER TABLE `to-do-list`
  ADD PRIMARY KEY (`id`);

--
-- Indexes for table `user`
--
ALTER TABLE `user`
  ADD PRIMARY KEY (`id`);

--
-- Indexes for table `vendor`
--
ALTER TABLE `vendor`
  ADD PRIMARY KEY (`vendor_id`);

--
-- AUTO_INCREMENT for dumped tables
--

--
-- AUTO_INCREMENT for table `bank`
--
ALTER TABLE `bank`
  MODIFY `Bank_id` int(11) NOT NULL AUTO_INCREMENT, AUTO_INCREMENT=10;
--
-- AUTO_INCREMENT for table `customer`
--
ALTER TABLE `customer`
  MODIFY `customer_id` int(11) NOT NULL AUTO_INCREMENT, AUTO_INCREMENT=6;
--
-- AUTO_INCREMENT for table `customers`
--
ALTER TABLE `customers`
  MODIFY `customer_id` int(10) UNSIGNED NOT NULL AUTO_INCREMENT, AUTO_INCREMENT=10;
--
-- AUTO_INCREMENT for table `department`
--
ALTER TABLE `department`
  MODIFY `department_id` mediumint(8) UNSIGNED NOT NULL AUTO_INCREMENT, AUTO_INCREMENT=12;
--
-- AUTO_INCREMENT for table `expenses`
--
ALTER TABLE `expenses`
  MODIFY `expenses_id` int(11) NOT NULL AUTO_INCREMENT, AUTO_INCREMENT=3922;
--
-- AUTO_INCREMENT for table `expensesbudget`
--
ALTER TABLE `expensesbudget`
  MODIFY `id` int(10) UNSIGNED NOT NULL AUTO_INCREMENT;
--
-- AUTO_INCREMENT for table `expenses_type`
--
ALTER TABLE `expenses_type`
  MODIFY `expenses_type_id` int(10) UNSIGNED NOT NULL AUTO_INCREMENT, AUTO_INCREMENT=30;
--
-- AUTO_INCREMENT for table `income`
--
ALTER TABLE `income`
  MODIFY `income_id` mediumint(9) NOT NULL AUTO_INCREMENT, AUTO_INCREMENT=107;
--
-- AUTO_INCREMENT for table `incomebudget`
--
ALTER TABLE `incomebudget`
  MODIFY `id` int(10) UNSIGNED NOT NULL AUTO_INCREMENT;
--
-- AUTO_INCREMENT for table `payment mode`
--
ALTER TABLE `payment mode`
  MODIFY `Payment_id` int(11) NOT NULL AUTO_INCREMENT;
--
-- AUTO_INCREMENT for table `payment_mode`
--
ALTER TABLE `payment_mode`
  MODIFY `payment_mode_id` int(10) UNSIGNED NOT NULL AUTO_INCREMENT;
--
-- AUTO_INCREMENT for table `privilege`
--
ALTER TABLE `privilege`
  MODIFY `privilege_id` int(10) UNSIGNED NOT NULL AUTO_INCREMENT, AUTO_INCREMENT=5;
--
-- AUTO_INCREMENT for table `products`
--
ALTER TABLE `products`
  MODIFY `Products_id` int(11) NOT NULL AUTO_INCREMENT, AUTO_INCREMENT=38;
--
-- AUTO_INCREMENT for table `project`
--
ALTER TABLE `project`
  MODIFY `project_id` mediumint(8) UNSIGNED NOT NULL AUTO_INCREMENT, AUTO_INCREMENT=17;
--
-- AUTO_INCREMENT for table `purchase`
--
ALTER TABLE `purchase`
  MODIFY `Purchase_id` int(11) NOT NULL AUTO_INCREMENT, AUTO_INCREMENT=46;
--
-- AUTO_INCREMENT for table `purchases`
--
ALTER TABLE `purchases`
  MODIFY `purchase_id` int(11) NOT NULL AUTO_INCREMENT, AUTO_INCREMENT=4;
--
-- AUTO_INCREMENT for table `staff`
--
ALTER TABLE `staff`
  MODIFY `staff_id` int(10) UNSIGNED NOT NULL AUTO_INCREMENT, AUTO_INCREMENT=18;
--
-- AUTO_INCREMENT for table `to-do-list`
--
ALTER TABLE `to-do-list`
  MODIFY `id` int(10) UNSIGNED NOT NULL AUTO_INCREMENT;
--
-- AUTO_INCREMENT for table `user`
--
ALTER TABLE `user`
  MODIFY `id` mediumint(9) NOT NULL AUTO_INCREMENT, AUTO_INCREMENT=4;
--
-- AUTO_INCREMENT for table `vendor`
--
ALTER TABLE `vendor`
  MODIFY `vendor_id` int(30) NOT NULL AUTO_INCREMENT, AUTO_INCREMENT=2;
/*!40101 SET CHARACTER_SET_CLIENT=@OLD_CHARACTER_SET_CLIENT */;
/*!40101 SET CHARACTER_SET_RESULTS=@OLD_CHARACTER_SET_RESULTS */;
/*!40101 SET COLLATION_CONNECTION=@OLD_COLLATION_CONNECTION */;
